economic_area,state,abbr.x,workforce_share,workforce_growth,industry_feasibility,clean_electric_capacity_growth,industrial_electricity_price,datacenter_mw,semiconductor_manufacturing,battery_manufacturing,solar_manufacturing,ev_manufacturing,abbr.y
"Aberdeen, SD",South Dakota,SD,1.1883457716302634,0.010409745293466223,NA,8.3,8.697272727272727,0,0,0,5.478000000000001,0,NA
"Abilene, TX",Texas,TX,1.433357310900631,0.0909016352074291,0.55,659.1999999999999,6.529090909090909,1021.02,0,0,264.924,0,NA
"Alamogordo, NM",New Mexico,NM,0.9640782783510079,-0.025599765944997074,NA,175,6.034545454545454,0,0,0,82.5,0,NA
"Albany, GA",Georgia,GA,1.6115501200383877,-0.029546918617135494,NA,290,7.780909090909091,0,0,0,191.4,0,NA
"Albany, NY",New York,NY,1.5160347971968846,-0.025604180274330503,0.58,511.1,9.925454545454546,8.349,25100,0,335.346,0,NA
"Albuquerque, NM",New Mexico,NM,0.9640782783510079,-0.025599765944997074,NA,1169.9,6.034545454545454,20.46,7597.5,0,430.386,0,NA
"Alexandria, LA",Louisiana,LA,0.8886212100289981,-0.0189873417721519,NA,152.3,6.193636363636363,0,0,0,100.51800000000001,0,NA
"Aliceville, AL",Alabama,AL,1.381878832543232,0.014063498828041764,NA,NA,7.683636363636364,0,50,0,0,0,NA
"Alpena, MI",Michigan,MI,1.0935325331688461,-0.06023174710316121,NA,10,8.56090909090909,0,0,0,6.6000000000000005,0,NA
"Alton, IL",Illinois,IL,1.22124812343731,-0.02533513900089776,NA,795.2,10.166363636363636,0,0,0,524.832,0,NA
"Altoona, PA",Pennsylvania,PA,1.3416065645131587,-0.01554779000245707,NA,115,9.246363636363636,0,0,0,75.9,0,NA
"Altus, OK",Oklahoma,OK,1.2557163893183034,-0.07530170735776653,NA,260,6.096363636363637,0,0,0,145.2,0,NA
"Americus, GA",Georgia,GA,1.6115501200383877,-0.029546918617135494,NA,81.8,7.780909090909091,0,0,0,53.98800000000001,0,NA
"Ames, IA",Iowa,IA,1.0779448194367904,-0.027982631470121994,NA,102.4,7.256363636363637,0,0,0,67.584,0,NA
"Anamosa, IA",Iowa,IA,1.0779448194367904,-0.027982631470121994,NA,1290.5999999999995,7.256363636363637,0.132,0,0,0,0,NA
"Anchorage, AK",Alaska,AK,1.8362923644202844,-0.045738464638323595,NA,40,20.060909090909092,0.066,0,0,0,0,NA
"Appleton, WI",Wisconsin,WI,1.395593905647525,-0.0637266462280219,NA,6,8.936363636363636,14.058000000000002,0,0,3.96,0,NA
"Ardmore, OK",Oklahoma,OK,1.2557163893183034,-0.07530170735776653,NA,5,6.096363636363637,0,0,0,3.3000000000000003,0,NA
"Asheville, NC",North Carolina,NC,1.5641569270703863,0.051117091580808,NA,11.3,7.719090909090909,1.3662,0,0,4.554,0,NA
"Atlanta, GA",Georgia,GA,1.6115501200383877,-0.029546918617135494,NA,748,7.780909090909091,2716.6722,343,0,143.88,0,NA
"Augusta, GA",Georgia,GA,1.6115501200383877,-0.029546918617135494,NA,3,7.780909090909091,663.3,0,0,1.98,0,NA
"Austin, TX",Texas,TX,1.433357310900631,0.0909016352074291,0.55,1081.8,6.529090909090909,2036.7303,37611.8,0,492.954,0,NA
"Baltimore, MD-Washington, DC",Maryland,MD,1.114892933959688,-0.04243847960873416,NA,673.1,12.365454545454545,8911.40184,2000,0,440.88,0,NA
"Bangor, ME",Maine,ME,0.9317374902413236,-0.013171225937183385,NA,495.8,15.456363636363637,0.8943000000000001,0,0,327.228,0,NA
"Baraboo, WI",Wisconsin,WI,1.395593905647525,-0.0637266462280219,NA,83.2,8.936363636363636,0,0,0,49.236000000000004,0,NA
"Bartlesville, OK",Kansas,KS,1.3477379966293899,0.09595994238287948,NA,9,7.9418181818181814,0,0,0,5.94,0,NA
"Baton Rouge, LA",Louisiana,LA,0.8886212100289981,-0.0189873417721519,NA,1227.8999999999999,6.193636363636363,3.63,0,0,0,0,NA
"Beatrice, NE",Nebraska,NE,0.7710067717869153,-0.06306049822064057,NA,3.6,7.995454545454545,0,0,0,2.3760000000000003,0,NA
"Bellingham, WA",Washington,WA,1.405849098787382,0.010884907059639721,NA,NA,6.724545454545455,0.066,0,0,0,0,NA
"Bend, OR",Oregon,OR,0.7271927911829204,-0.015598752099832013,NA,408.59999999999997,8.223636363636365,391.38000000000005,0,0,269.676,0,NA
"Bennettsville, SC",South Carolina,SC,1.791545830218286,-0.0014595615591551714,NA,23.7,7.051818181818182,0,0,0,15.642000000000001,0,NA
"Big Spring, TX",Texas,TX,1.433357310900631,0.0909016352074291,0.55,270.2,6.529090909090909,0,0,0,6.6000000000000005,0,NA
"Biloxi, MS",Mississippi,MS,1.8620711603335245,0.08130999435347261,NA,78.5,7.285454545454545,10.428,0,0,51.81,0,NA
"Binghamton, NY",New York,NY,1.5160347971968846,-0.025604180274330503,0.58,53.5,9.925454545454546,0.132,0,0,35.31,0,NA
"Birmingham, AL",Alabama,AL,1.381878832543232,0.014063498828041764,NA,NA,7.683636363636364,45.738,0,0,0,0,NA
"Bismarck, ND",North Dakota,ND,1.2740508885869335,0.008046490835940992,NA,NA,7.624545454545454,1.056,0,0,0,0,NA
"Blacksburg, VA",Virginia,VA,1.2311429835129044,-0.028448966134426074,NA,20,9.297272727272727,0,0,0,13.200000000000001,0,NA
"Bloomington, IL",Illinois,IL,1.22124812343731,-0.02533513900089776,NA,12.2,10.166363636363636,0,0,0,8.052000000000001,0,NA
"Bloomington, IN",Indiana,IN,1.0474986454758894,-0.034801558475863435,NA,1818.7,8.80090909090909,76.03200000000001,4140.2,0,1170.642,0,NA
"Bluefield, WV",Kentucky,KY,1.0932736336736308,0.015463917525773196,NA,114,6.963636363636364,36.300000000000004,0,0,75.24000000000001,0,NA
"Boise City, ID",Idaho,ID,1.1076987198411925,0.1348022444231559,NA,625,7.8145454545454545,121.72050000000002,50000,0,214.5,0,NA
"Boston, MA",Massachusetts,MA,0.9683881164414642,-0.09316003058283832,NA,870.6,19.201818181818183,130.449,172.5,0,232.716,0,NA
"Bowling Green, KY",Kentucky,KY,1.0932736336736308,0.015463917525773196,NA,238.8,6.963636363636364,0,0,0,157.608,0,NA
"Bozeman, MT",Montana,MT,1.1943842166141396,0.10808455001089562,NA,84,7.0618181818181816,1.7094,0,0,55.440000000000005,0,NA
"Brady, TX",Texas,TX,1.433357310900631,0.0909016352074291,0.55,139.7,6.529090909090909,0,0,0,72.60000000000001,0,NA
"Brainerd, MN",Minnesota,MN,1.1177110683729323,-0.05340644732469259,NA,26.4,9.333636363636364,0.264,0,0,17.424,0,NA
"Brownsville, TX",Texas,TX,1.433357310900631,0.0909016352074291,0.55,1209.9,6.529090909090909,111.474,0,0,208.56,0,NA
"Brownwood, TX",Texas,TX,1.433357310900631,0.0909016352074291,0.55,2288.5,6.529090909090909,223.08,0,0,1184.8980000000001,0,NA
"Brunswick, GA",Georgia,GA,1.6115501200383877,-0.029546918617135494,NA,81.9,7.780909090909091,0,0,0,54.054,0,NA
"Bryan, TX",Texas,TX,1.433357310900631,0.0909016352074291,0.55,371.5,6.529090909090909,6.6,0,0,138.6,0,NA
"Buffalo, NY",New York,NY,1.5160347971968846,-0.025604180274330503,0.58,126.4,9.925454545454546,579.4074,0,0,70.224,0,NA
"Burlington, IA",Iowa,IA,1.0779448194367904,-0.027982631470121994,NA,257.9,7.256363636363637,0,0,0,104.874,0,NA
"Burlington, VT",Vermont,VT,1.0407833160589215,-0.10830810628994282,NA,17.7,12.313636363636364,2.3760000000000003,900,0,8.382000000000001,0,NA
"Butte, MT",Montana,MT,1.1943842166141396,0.10808455001089562,NA,80,7.0618181818181816,0,0,0,52.800000000000004,0,NA
"Cape Coral, FL",Florida,FL,1.02991136792623,0.005026071361356818,NA,223.5,8.843636363636364,0,0,0,147.51,0,NA
"Cape Girardeau, MO",Missouri,MO,1.417115971075387,-0.08179825705787194,NA,549,8.34909090909091,0,0,0,362.34000000000003,0,NA
"Carbondale, IL",Illinois,IL,1.22124812343731,-0.02533513900089776,NA,582.3,10.166363636363636,0,0,0,382.998,0,NA
"Casa Grande, AZ",Arizona,AZ,1.0092801843018,0.01951184647821892,NA,2289.2,8.195454545454545,0,810,0,888.624,0,NA
"Cedar Rapids, IA",Iowa,IA,1.0779448194367904,-0.027982631470121994,NA,212.5,7.256363636363637,663.1746,0,0,136.95,0,NA
"Charleston, SC",South Carolina,SC,1.791545830218286,-0.0014595615591551714,NA,698.5999999999999,7.051818181818182,163.05960000000002,0,0,0,0,NA
"Charleston, WV",West Virginia,WV,1.306093200186814,-0.007630227439471753,NA,240.1,8.116363636363637,1.3530000000000002,0,0,106.326,0,NA
"Charlotte, NC",North Carolina,NC,1.5641569270703863,0.051117091580808,NA,66,7.719090909090909,51.183,0,0,10.56,0,NA
"Charlottesville, VA",Virginia,VA,1.2311429835129044,-0.028448966134426074,NA,48.400000000000006,9.297272727272727,0.99,0,0,31.944000000000003,0,NA
"Chattanooga, TN",Tennessee,TN,1.0508314235745186,0.12871961838419022,NA,14.6,6.707272727272727,2.343,0,0,9.636000000000001,0,NA
"Cheyenne, WY",Wyoming,WY,1.6049342396857316,-0.002677774471883368,NA,150,8.692727272727273,429.79200000000003,0,0,99,0,NA
"Chicago, IL",Illinois,IL,1.22124812343731,-0.02533513900089776,NA,195.1,10.166363636363636,2329.4304,0,0,128.76600000000002,0,NA
"Cincinnati, OH",Ohio,OH,1.1007608831857805,0.00655862726406101,NA,822.4,8.414545454545454,71.247,0,0,542.784,0,NA
"Cleveland, OH",Ohio,OH,1.1007608831857805,0.00655862726406101,NA,136.2,8.414545454545454,790.8912,0,0,88.638,0,NA
"Clinton, IA",Iowa,IA,1.0779448194367904,-0.027982631470121994,NA,40.9,7.256363636363637,0,0,0,26.994000000000003,0,NA
"Clovis, NM",New Mexico,NM,0.9640782783510079,-0.025599765944997074,NA,6.4,6.034545454545454,0.33,0,0,4.224,0,NA
"Colorado Springs, CO",Colorado,CO,1.5733783527703684,-0.0699776460297405,NA,275,9.159090909090908,32.736000000000004,722,0,115.5,0,NA
"Columbia, SC",South Carolina,SC,1.791545830218286,-0.0014595615591551714,NA,241.6,7.051818181818182,1.3860000000000001,0,0,147.576,0,NA
"Columbia, TN",Tennessee,TN,1.0508314235745186,0.12871961838419022,NA,35,6.707272727272727,0,0,0,23.1,0,NA
"Columbus, OH",Ohio,OH,1.1007608831857805,0.00655862726406101,NA,1159.3,8.414545454545454,998.547,28020,0,765.138,0,NA
"Concordia, KS",Kansas,KS,1.3477379966293899,0.09595994238287948,NA,2,7.9418181818181814,0,0,0,1.32,0,NA
"Corpus Christi, TX",Texas,TX,1.433357310900631,0.0909016352074291,0.55,812.7,6.529090909090909,0,0,0,315.612,0,NA
"Corsicana, TX",Texas,TX,1.433357310900631,0.0909016352074291,0.55,1090.6,6.529090909090909,0,0,0,428.142,0,NA
"Creston, IA",Iowa,IA,1.0779448194367904,-0.027982631470121994,NA,53.7,7.256363636363637,0,0,0,35.442,0,NA
"Dallas, TX",Texas,TX,1.433357310900631,0.0909016352074291,0.55,2035.2,6.529090909090909,2992.4333999999994,53585,0,403.524,0,NA
"Dalton, GA",Georgia,GA,1.6115501200383877,-0.029546918617135494,NA,6.5,7.780909090909091,0,0,0,4.29,0,NA
"Danville, VA",Virginia,VA,1.2311429835129044,-0.028448966134426074,NA,316.6,9.297272727272727,131.34,0,0,195.36,0,NA
"Davenport, IA",Illinois,IL,1.22124812343731,-0.02533513900089776,NA,11.5,10.166363636363636,3.3000000000000003,0,0,7.59,0,NA
"Dayton, OH",Ohio,OH,1.1007608831857805,0.00655862726406101,NA,145.3,8.414545454545454,118.07400000000001,0,0,95.89800000000001,0,NA
"De Kalb, IL",Illinois,IL,1.22124812343731,-0.02533513900089776,NA,224.3,10.166363636363636,161.04,0,0,148.038,0,NA
"Decatur, IL",Illinois,IL,1.22124812343731,-0.02533513900089776,NA,1159.2,10.166363636363636,15.84,0,0,763.7520000000001,0,NA
"Del Rio, TX",Texas,TX,1.433357310900631,0.0909016352074291,0.55,380.3,6.529090909090909,0,0,0,105.60000000000001,0,NA
"Deming, NM",New Mexico,NM,0.9640782783510079,-0.025599765944997074,NA,267.8,6.034545454545454,0,0,0,90.948,0,NA
"Denver, CO",Colorado,CO,1.5733783527703684,-0.0699776460297405,NA,195,9.159090909090908,231.99,0,0,87.25200000000001,0,NA
"Des Moines, IA",Iowa,IA,1.0779448194367904,-0.027982631470121994,NA,4.4,7.256363636363637,810.48,0,0,2.9040000000000004,0,NA
"Detroit, MI",Michigan,MI,1.0935325331688461,-0.06023174710316121,NA,426.3,8.56090909090909,15.774000000000001,0,0,272.118,0,NA
"Dothan, AL",Alabama,AL,1.381878832543232,0.014063498828041764,NA,80,7.683636363636364,0,0,0,52.800000000000004,0,NA
"Douglas City, CA",California,CA,1.232946800582309,-0.052471486650905605,0.62,57.5,21.503636363636364,0,0,0,8.316,0,NA
"Dublin, GA",Georgia,GA,1.6115501200383877,-0.029546918617135494,NA,587,7.780909090909091,0,0,0,387.42,0,NA
"Dubuque, IA",Wisconsin,WI,1.395593905647525,-0.0637266462280219,NA,554,8.936363636363636,0,0,0,299.64,0,NA
"Duluth, MN",Minnesota,MN,1.1177110683729323,-0.05340644732469259,NA,10.2,9.333636363636364,0.8580000000000001,0,0,6.072,0,NA
"Durango, CO",Colorado,CO,1.5733783527703684,-0.0699776460297405,NA,120.9,9.159090909090908,0,0,0,79.79400000000001,0,NA
"Eagle Pass, TX",Texas,TX,1.433357310900631,0.0909016352074291,0.55,1005.1,6.529090909090909,366.3,0,0,530.31,0,NA
"Eau Claire, WI",Wisconsin,WI,1.395593905647525,-0.0637266462280219,NA,177.7,8.936363636363636,0,0,0,117.28200000000001,0,NA
"El Paso, TX",Texas,TX,1.433357310900631,0.0909016352074291,0.55,164.5,6.529090909090909,1.518,0,0,108.57000000000001,0,NA
"Elizabeth City, NC",North Carolina,NC,1.5641569270703863,0.051117091580808,NA,27,7.719090909090909,0,0,0,17.82,0,NA
"Elizabethtown, KY",Kentucky,KY,1.0932736336736308,0.015463917525773196,NA,200,6.963636363636364,0,0,0,132,0,NA
"Elmira, NY",Pennsylvania,PA,1.3416065645131587,-0.01554779000245707,NA,6.5,9.246363636363636,0,0,0,4.29,0,NA
"Enid, OK",Oklahoma,OK,1.2557163893183034,-0.07530170735776653,NA,567,6.096363636363637,0,0,0,165,0,NA
"Erie, PA",Pennsylvania,PA,1.3416065645131587,-0.01554779000245707,NA,72,9.246363636363636,0,0,0,47.52,0,NA
"Escanaba, MI",Michigan,MI,1.0935325331688461,-0.06023174710316121,NA,101.4,8.56090909090909,0,0,0,66.924,0,NA
"Espanola, NM",New Mexico,NM,0.9640782783510079,-0.025599765944997074,NA,311.2,6.034545454545454,0.132,0,0,142.428,0,NA
"Eugene, OR",Oregon,OR,0.7271927911829204,-0.015598752099832013,NA,9,8.223636363636365,0.198,44,0,5.9399999999999995,0,NA
"Evansville, IN",Indiana,IN,1.0474986454758894,-0.034801558475863435,NA,1460.7,8.80090909090909,0.99,0,0,667.062,0,NA
"Fairbanks, AK",Alaska,AK,1.8362923644202844,-0.045738464638323595,NA,0.9,20.060909090909092,0,0,0,0.5940000000000001,0,NA
"Fargo, ND",North Dakota,ND,1.2740508885869335,0.008046490835940992,NA,1,7.624545454545454,199.9206,0,0,0.66,0,NA
"Farmington, NM",New Mexico,NM,0.9640782783510079,-0.025599765944997074,NA,300,6.034545454545454,0,0,0,132,0,NA
"Fayetteville, AR",Arkansas,AR,1.2702378717196954,0.022377215925603024,NA,11.9,6.654545454545454,0,0,0,7.854,0,NA
"Fayetteville, NC",North Carolina,NC,1.5641569270703863,0.051117091580808,NA,19.3,7.719090909090909,0.99,0,0,4.488,0,NA
"Fergus Falls, MN",Minnesota,MN,1.1177110683729323,-0.05340644732469259,NA,49.9,9.333636363636364,0,0,0,32.934,0,NA
"Flagstaff, AZ",Arizona,AZ,1.0092801843018,0.01951184647821892,NA,19,8.195454545454545,0,30,0,0,0,NA
"Florence, SC",South Carolina,SC,1.791545830218286,-0.0014595615591551714,NA,31.3,7.051818181818182,0,0,0,20.658,0,NA
"Floydada, TX",Texas,TX,1.433357310900631,0.0909016352074291,0.55,1002,6.529090909090909,706.86,0,0,463.32000000000005,0,NA
"Fond du Lac, WI",Wisconsin,WI,1.395593905647525,-0.0637266462280219,NA,522.1,8.936363636363636,0,0,0,344.586,0,NA
"Forrest City, AR",Arkansas,AR,1.2702378717196954,0.022377215925603024,NA,770,6.654545454545454,0,0,0,508.20000000000005,0,NA
"Fort Collins, CO",Colorado,CO,1.5733783527703684,-0.0699776460297405,NA,281.2,9.159090909090908,0,0,0,151.93200000000002,0,NA
"Fort Smith, AR",Arkansas,AR,1.2702378717196954,0.022377215925603024,NA,9,6.654545454545454,0,0,0,5.94,0,NA
"Fort Wayne, IN",Indiana,IN,1.0474986454758894,-0.034801558475863435,NA,12.8,8.80090909090909,359.07300000000004,0,0,8.448,0,NA
"Frankfort, KY",Kentucky,KY,1.0932736336736308,0.015463917525773196,NA,100,6.963636363636364,0,0,0,66,0,NA
"Franklin, NC",North Carolina,NC,1.5641569270703863,0.051117091580808,NA,1340.2999999999993,7.719090909090909,134.3925,0,0,0,0,NA
"Frederick, MD",Maryland,MD,1.114892933959688,-0.04243847960873416,NA,639.9,12.365454545454545,616.638,0,0,418.374,0,NA
"Fredericksburg, VA",Virginia,VA,1.2311429835129044,-0.028448966134426074,NA,65.8,9.297272727272727,2342.934,0,0,43.428,0,NA
"Fremont, NE",Nebraska,NE,0.7710067717869153,-0.06306049822064057,NA,95.6,7.995454545454545,0,0,0,61.050000000000004,0,NA
"Fresno, CA",California,CA,1.232946800582309,-0.052471486650905605,0.62,3789.4,21.503636363636364,0,0,0,1343.1000000000001,0,NA
"Galesburg, IL",Illinois,IL,1.22124812343731,-0.02533513900089776,NA,320.9,10.166363636363636,0,0,0,211.794,0,NA
"Gallup, NM",New Mexico,NM,0.9640782783510079,-0.025599765944997074,NA,749,6.034545454545454,0,0,0,362.67,0,NA
"Garden City, KS",Kansas,KS,1.3477379966293899,0.09595994238287948,NA,150,7.9418181818181814,0,0,0,99,0,NA
"Goldsboro, NC",North Carolina,NC,1.5641569270703863,0.051117091580808,NA,29,7.719090909090909,0,0,0,5.94,0,NA
"Gonzales, TX",Texas,TX,1.433357310900631,0.0909016352074291,0.55,19.8,6.529090909090909,0,0,0,0,0,NA
"Grand Forks, ND",North Dakota,ND,1.2740508885869335,0.008046490835940992,NA,NA,7.624545454545454,66.264,0,0,0,0,NA
"Grand Island, NE",Nebraska,NE,0.7710067717869153,-0.06306049822064057,NA,10.9,7.995454545454545,66.396,0,0,7.194000000000001,0,NA
"Grand Junction, CO",Colorado,CO,1.5733783527703684,-0.0699776460297405,NA,301,9.159090909090908,0,0,0,183.876,0,NA
"Grand Rapids, MI",Michigan,MI,1.0935325331688461,-0.06023174710316121,NA,5,8.56090909090909,41.309400000000004,0,0,3.3000000000000003,0,NA
"Great Falls, MT",Montana,MT,1.1943842166141396,0.10808455001089562,NA,824.2,7.0618181818181816,0.1584,0,0,0,0,NA
"Greensboro, NC",North Carolina,NC,1.5641569270703863,0.051117091580808,NA,17.5,7.719090909090909,1.881,0,0,2.64,0,NA
"Greenville, MS",Mississippi,MS,1.8620711603335245,0.08130999435347261,NA,399,7.285454545454545,0,0,0,263.34000000000003,0,NA
"Greenville, NC",North Carolina,NC,1.5641569270703863,0.051117091580808,NA,27.6,7.719090909090909,0,0,0,6.6000000000000005,0,NA
"Greenville, SC",South Carolina,SC,1.791545830218286,-0.0014595615591551714,NA,24,7.051818181818182,188.36400000000003,0,0,15.840000000000002,0,NA
"Greenwood, SC",South Carolina,SC,1.791545830218286,-0.0014595615591551714,NA,42.8,7.051818181818182,0,0,0,28.248,0,NA
"Harrisburg, PA",Pennsylvania,PA,1.3416065645131587,-0.01554779000245707,NA,183.3,9.246363636363636,0,0,0,120.97800000000001,0,NA
"Harrisonburg, VA",Virginia,VA,1.2311429835129044,-0.028448966134426074,NA,201.8,9.297272727272727,4.422000000000001,0,0,34.188,0,NA
"Haskell, TX",Texas,TX,1.433357310900631,0.0909016352074291,0.55,484.2,6.529090909090909,924,0,0,250.8,0,NA
"Hattiesburg, MS",Mississippi,MS,1.8620711603335245,0.08130999435347261,NA,256.5,7.285454545454545,330.33,0,0,168.3,0,NA
"Helena, MT",Montana,MT,1.1943842166141396,0.10808455001089562,NA,824.2,7.0618181818181816,0.15180000000000002,0,0,0,0,NA
"Hickory, NC",North Carolina,NC,1.5641569270703863,0.051117091580808,NA,1340.2999999999993,7.719090909090909,140.57999999999998,0,0,0,0,NA
"Hinesville, GA",Georgia,GA,1.6115501200383877,-0.029546918617135494,NA,14.9,7.780909090909091,0,0,0,9.834,0,NA
"Honolulu, HI",Hawaii,HI,1.1531397216479793,-0.07561989835207146,NA,732.8,31.395454545454545,5.953200000000001,0,0,190.27800000000002,0,NA
"Hot Springs, AR",Arkansas,AR,1.2702378717196954,0.022377215925603024,NA,331.5,6.654545454545454,0,0,0,218.79,0,NA
"Houston, TX",Texas,TX,1.433357310900631,0.0909016352074291,0.55,6137.5,6.529090909090909,461.04168000000004,0,0,1696.662,0,NA
"Huntsville, AL",Alabama,AL,1.381878832543232,0.014063498828041764,NA,182.4,7.683636363636364,300.432,0,0,120.384,0,NA
"Indianapolis, IN",Indiana,IN,1.0474986454758894,-0.034801558475863435,NA,13.8,8.80090909090909,14.355,0,0,9.108,0,NA
"Jackson, MS",Mississippi,MS,1.8620711603335245,0.08130999435347261,NA,100,7.285454545454545,613.7142,0,0,66,0,NA
"Jackson, TN",Tennessee,TN,1.0508314235745186,0.12871961838419022,NA,549.7,6.707272727272727,0,0,0,362.802,0,NA
"Jacksonville, FL",Florida,FL,1.02991136792623,0.005026071361356818,NA,1511.7,8.843636363636364,23.2815,0,0,985.3140000000001,0,NA
"Jacksonville, TX",Texas,TX,1.433357310900631,0.0909016352074291,0.55,200,6.529090909090909,0,0,0,132,0,NA
"Jamestown, ND",North Dakota,ND,1.2740508885869335,0.008046490835940992,NA,NA,7.624545454545454,6.6000000000000005,0,0,0,0,NA
"Jamestown, NY",New York,NY,1.5160347971968846,-0.025604180274330503,0.58,188.4,9.925454545454546,0,0,0,124.34400000000001,0,NA
"Johnson City, TN",Tennessee,TN,1.0508314235745186,0.12871961838419022,NA,19.9,6.707272727272727,0.33,0,0,13.134,0,NA
"Jonesboro, AR",Arkansas,AR,1.2702378717196954,0.022377215925603024,NA,545.7,6.654545454545454,0.264,0,0,360.162,0,NA
"Kalamazoo, MI",Michigan,MI,1.0935325331688461,-0.06023174710316121,NA,1655.1,8.56090909090909,0,10,0,1023.132,0,NA
"Kanab, UT",Utah,UT,0.8733680770969454,0.10228732973528656,NA,72,8.48,0,0,0,47.52,0,NA
"Kannapolis, NC",North Carolina,NC,1.5641569270703863,0.051117091580808,NA,124.4,7.719090909090909,3.3000000000000003,0,0,82.10400000000001,0,NA
"Kansas City, MO",Missouri,MO,1.417115971075387,-0.08179825705787194,NA,10,8.34909090909091,477.47172,0,0,6.6000000000000005,0,NA
"Keene, NH",New Hampshire,NH,1.3750204345837373,-0.0037823328452903857,NA,19,16.745454545454546,0.99,0,0,0,0,NA
"Kenosha, WI",Wisconsin,WI,1.395593905647525,-0.0637266462280219,NA,329.5,8.936363636363636,0,0,0,144.87,0,NA
"Kingsville, TX",Texas,TX,1.433357310900631,0.0909016352074291,0.55,160.8,6.529090909090909,0,0,0,86.46000000000001,0,NA
"Kirksville, MO",Missouri,MO,1.417115971075387,-0.08179825705787194,NA,275,8.34909090909091,0,0,0,181.5,0,NA
"Knoxville, TN",Tennessee,TN,1.0508314235745186,0.12871961838419022,NA,10.3,6.707272727272727,0.9240000000000002,0,0,6.798,0,NA
"Kodiak, AK",Alaska,AK,1.8362923644202844,-0.045738464638323595,NA,52.5,20.060909090909092,0,0,0,3.96,0,NA
"La Crosse, WI",Wisconsin,WI,1.395593905647525,-0.0637266462280219,NA,4,8.936363636363636,0,0,0,2.64,0,NA
"La Grange, GA",Georgia,GA,1.6115501200383877,-0.029546918617135494,NA,68,7.780909090909091,0,0,0,1.98,0,NA
"Lafayette, LA",Louisiana,LA,0.8886212100289981,-0.0189873417721519,NA,135,6.193636363636363,0,0,0,89.10000000000001,0,NA
"Lansing, MI",Michigan,MI,1.0935325331688461,-0.06023174710316121,NA,275,8.56090909090909,0,0,0,181.5,0,NA
"Laredo, TX",Texas,TX,1.433357310900631,0.0909016352074291,0.55,1023.4,6.529090909090909,0.561,0,0,339.90000000000003,0,NA
"Las Cruces, NM",New Mexico,NM,0.9640782783510079,-0.025599765944997074,NA,391,6.034545454545454,0.5082,0,0,207.9,0,NA
"Las Vegas, NV",Nevada,NV,0.5607456525715188,-0.0025516713447307987,NA,3097.6,8.055454545454545,253.33836000000002,0,0,1064.976,0,NA
"Lawrenceburg, TN",Tennessee,TN,1.0508314235745186,0.12871961838419022,NA,5.5,6.707272727272727,0,0,0,3.6300000000000003,0,NA
"Lenoir, NC",North Carolina,NC,1.5641569270703863,0.051117091580808,NA,11,7.719090909090909,53.46,0,0,7.260000000000001,0,NA
"Lewistown, MT",Montana,MT,1.1943842166141396,0.10808455001089562,NA,824.2,7.0618181818181816,13.200000000000001,90,0,0,0,NA
"Lexington, NC",North Carolina,NC,1.5641569270703863,0.051117091580808,NA,34.5,7.719090909090909,0,0,0,22.770000000000003,0,NA
"Lima, OH",Ohio,OH,1.1007608831857805,0.00655862726406101,NA,200.9,8.414545454545454,0,50,0,132.594,0,NA
"Lincoln, NE",Nebraska,NE,0.7710067717869153,-0.06306049822064057,NA,4,7.995454545454545,185.92860000000002,0,0,0.66,0,NA
"Little Rock, AR",Arkansas,AR,1.2702378717196954,0.022377215925603024,NA,534.7,6.654545454545454,1.221,0,0,346.302,0,NA
"Lockhart, TX",Texas,TX,1.433357310900631,0.0909016352074291,0.55,200,6.529090909090909,221.76000000000002,280,0,132,0,NA
"Logan, UT",Utah,UT,0.8733680770969454,0.10228732973528656,NA,163.1,8.48,0,0,0,107.64600000000002,0,NA
"Los Angeles, CA",California,CA,1.232946800582309,-0.052471486650905605,0.62,16126.2,21.503636363636364,168.82734000000002,0,0,4758.732,0,NA
"Louisville, KY",Kentucky,KY,1.0932736336736308,0.015463917525773196,NA,1058.3,6.963636363636364,133.056,0,0,0,0,NA
"Lubbock, TX",Texas,TX,1.433357310900631,0.0909016352074291,0.55,4.4,6.529090909090909,0,200,0,2.9040000000000004,0,NA
"Lumberton, NC",North Carolina,NC,1.5641569270703863,0.051117091580808,NA,42.9,7.719090909090909,0,0,0,17.094,0,NA
"Lynchburg, VA",Virginia,VA,1.2311429835129044,-0.028448966134426074,NA,466.7,9.297272727272727,0,0,0,308.022,0,NA
"Macon, GA",Georgia,GA,1.6115501200383877,-0.029546918617135494,NA,221.1,7.780909090909091,0,0,0,61.446000000000005,0,NA
"Madison, WI",Wisconsin,WI,1.395593905647525,-0.0637266462280219,NA,64.2,8.936363636363636,7.062,0,0,28.314,0,NA
"Manchester, NH",New Hampshire,NH,1.3750204345837373,-0.0037823328452903857,NA,2,16.745454545454546,5.214,105,0,1.32,0,NA
"Manhattan, KS",Kansas,KS,1.3477379966293899,0.09595994238287948,NA,5.4,7.9418181818181814,0,4,0,3.564,0,NA
"Mankato, MN",Minnesota,MN,1.1177110683729323,-0.05340644732469259,NA,78.7,9.333636363636364,0,0,0,48.642,0,NA
"Mansfield, OH",Ohio,OH,1.1007608831857805,0.00655862726406101,NA,127.1,8.414545454545454,0,0,0,77.22,0,NA
"Marquette, MI",Michigan,MI,1.0935325331688461,-0.06023174710316121,NA,7.5,8.56090909090909,0,0,0,4.95,0,NA
"Mason City, IA",Iowa,IA,1.0779448194367904,-0.027982631470121994,NA,17.9,7.256363636363637,0.33,0,0,10.626000000000001,0,NA
"Memphis, TN",Tennessee,TN,1.0508314235745186,0.12871961838419022,NA,584.9,6.707272727272727,991.3860000000001,0,0,386.03400000000005,0,NA
"Merced, CA",California,CA,1.232946800582309,-0.052471486650905605,0.62,34.2,21.503636363636364,0,0,0,15.378,0,NA
"Merrill, WI",Wisconsin,WI,1.395593905647525,-0.0637266462280219,NA,25.4,8.936363636363636,0,0,0,16.764,0,NA
"Miami, FL",Florida,FL,1.02991136792623,0.005026071361356818,NA,2160.5,8.843636363636364,63.8187,0,0,1425.93,0,NA
"Milwaukee, WI",Wisconsin,WI,1.395593905647525,-0.0637266462280219,NA,7.5,8.936363636363636,677.05506,0,0,4.95,0,NA
"Mineral Wells, TX",Texas,TX,1.433357310900631,0.0909016352074291,0.55,819.8,6.529090909090909,0,0,0,528,0,NA
"Minneapolis-St. Paul, MN",Minnesota,MN,1.1177110683729323,-0.05340644732469259,NA,736.8,9.333636363636364,224.97882,525,0,486.288,0,NA
"Minot, ND",North Dakota,ND,1.2740508885869335,0.008046490835940992,NA,NA,7.624545454545454,224.4,0,0,0,0,NA
"Moberly, MO",Missouri,MO,1.417115971075387,-0.08179825705787194,NA,330,8.34909090909091,0,0,0,217.8,0,NA
"Mobile, AL",Alabama,AL,1.381878832543232,0.014063498828041764,NA,240,7.683636363636364,0,0,0,158.4,0,NA
"Montgomery, AL",Alabama,AL,1.381878832543232,0.014063498828041764,NA,180,7.683636363636364,283.14000000000004,0,0,118.80000000000001,0,NA
"Morgantown, WV",West Virginia,WV,1.306093200186814,-0.007630227439471753,NA,52.4,8.116363636363637,0.33,0,0,34.584,0,NA
"Morristown, TN",Tennessee,TN,1.0508314235745186,0.12871961838419022,NA,2,6.707272727272727,0,0,0,1.32,0,NA
"Mount Airy, NC",North Carolina,NC,1.5641569270703863,0.051117091580808,NA,72.6,7.719090909090909,0,0,0,47.916000000000004,0,NA
"Muskogee, OK",Oklahoma,OK,1.2557163893183034,-0.07530170735776653,NA,2869.6000000000004,6.096363636363637,264,0,0,0,0,NA
"Myrtle Beach, SC",South Carolina,SC,1.791545830218286,-0.0014595615591551714,NA,271,7.051818181818182,20.46,0,0,178.86,0,NA
"Nacogdoches, TX",Texas,TX,1.433357310900631,0.0909016352074291,0.55,1451.8,6.529090909090909,0,0,0,780.12,0,NA
"Nampa, ID",Idaho,ID,1.1076987198411925,0.1348022444231559,NA,334,7.8145454545454545,0,0,0,26.400000000000002,0,NA
"Nashville, TN",Tennessee,TN,1.0508314235745186,0.12871961838419022,NA,10.1,6.707272727272727,561.5082,0,0,6.666,0,NA
"New London, WI",Wisconsin,WI,1.395593905647525,-0.0637266462280219,NA,99,8.936363636363636,0,0,0,65.34,0,NA
"New Orleans, LA",Louisiana,LA,0.8886212100289981,-0.0189873417721519,NA,220,6.193636363636363,1.3860000000000001,12,0,145.2,0,NA
"New Roads, LA",Louisiana,LA,0.8886212100289981,-0.0189873417721519,NA,450,6.193636363636363,0,0,0,297,0,NA
"New York, NY",New York,NY,1.5160347971968846,-0.025604180274330503,0.58,795.5,9.925454545454546,1780.2444,1501.65,0,410.454,0,NA
"Newark, OH",Ohio,OH,1.1007608831857805,0.00655862726406101,NA,665,8.414545454545454,2342.1420000000003,0,0,438.9,0,NA
"Newberry, SC",South Carolina,SC,1.791545830218286,-0.0014595615591551714,NA,149.9,7.051818181818182,0,0,0,98.934,0,NA
"Odessa, TX",Texas,TX,1.433357310900631,0.0909016352074291,0.55,438.4,6.529090909090909,0,0,0,276.276,0,NA
"Oklahoma City, OK",Oklahoma,OK,1.2557163893183034,-0.07530170735776653,NA,65,6.096363636363637,13.1406,0,0,0,0,NA
"Olney, IL",Illinois,IL,1.22124812343731,-0.02533513900089776,NA,315.1,10.166363636363636,0,0,0,207.966,0,NA
"Omaha, NE",Nebraska,NE,0.7710067717869153,-0.06306049822064057,NA,116.09999999999991,7.995454545454545,1100.6259,0,0,0,0,NA
"Ontario, OR",Oregon,OR,0.7271927911829204,-0.015598752099832013,NA,3,8.223636363636365,0,0,0,1.98,0,NA
"Orangeburg, SC",South Carolina,SC,1.791545830218286,-0.0014595615591551714,NA,132,7.051818181818182,0,0,0,43.56,0,NA
"Orlando, FL",Florida,FL,1.02991136792623,0.005026071361356818,NA,1017.3000000000001,8.843636363636364,20.143199999999993,25,0,633.6,0,NA
"Ottawa, IL",Illinois,IL,1.22124812343731,-0.02533513900089776,NA,113.9,10.166363636363636,0,0,0,75.174,0,NA
"Owensboro, KY",Kentucky,KY,1.0932736336736308,0.015463917525773196,NA,560,6.963636363636364,0,0,0,369.6,0,NA
"Paducah, KY",Kentucky,KY,1.0932736336736308,0.015463917525773196,NA,86,6.963636363636364,0,0,0,56.760000000000005,0,NA
"Pampa, TX",Texas,TX,1.433357310900631,0.0909016352074291,0.55,331.6,6.529090909090909,132,0,0,218.85600000000002,0,NA
"Paris, TX",Texas,TX,1.433357310900631,0.0909016352074291,0.55,4921.2,6.529090909090909,0,0,0,2380.884,0,NA
"Payette, ID",Idaho,ID,1.1076987198411925,0.1348022444231559,NA,3,7.8145454545454545,0,250,0,0,0,NA
"Pecos, TX",Texas,TX,1.433357310900631,0.0909016352074291,0.55,2909.2,6.529090909090909,0,0,0,407.74800000000005,0,NA
"Pendleton, OR",Oregon,OR,0.7271927911829204,-0.015598752099832013,NA,367,8.223636363636365,857.34,0,0,222.42000000000002,0,NA
"Pensacola, FL",Florida,FL,1.02991136792623,0.005026071361356818,NA,1043,8.843636363636364,0,0,0,540.87,0,NA
"Peoria, IL",Illinois,IL,1.22124812343731,-0.02533513900089776,NA,33.8,10.166363636363636,0,0,0,22.308,0,NA
"Petersburg, VA",Virginia,VA,1.2311429835129044,-0.028448966134426074,NA,515.6,9.297272727272727,1044.1200000000001,0,0,340.29600000000005,0,NA
"Philadelphia, PA",Pennsylvania,PA,1.3416065645131587,-0.01554779000245707,NA,168.2,9.246363636363636,432.76860000000005,50,0,111.012,0,NA
"Phoenix, AZ",Arizona,AZ,1.0092801843018,0.01951184647821892,NA,6258,8.195454545454545,3419.2818,200086,0,1869.1200000000001,0,NA
"Pittsburgh, PA",Pennsylvania,PA,1.3416065645131587,-0.01554779000245707,NA,71,9.246363636363636,1694.9526,15,0,46.86000000000001,0,NA
"Plainview, TX",Texas,TX,1.433357310900631,0.0909016352074291,0.55,1450,6.529090909090909,0,0,0,825,0,NA
"Plattsburgh, NY",New York,NY,1.5160347971968846,-0.025604180274330503,0.58,46.8,9.925454545454546,0.66,0,0,30.888,0,NA
"Pocatello, ID",Idaho,ID,1.1076987198411925,0.1348022444231559,NA,975,7.8145454545454545,9.9,0,0,0,0,NA
"Portland, ME",Maine,ME,0.9317374902413236,-0.013171225937183385,NA,446.5,15.456363636363637,3.3,0,0,168.63000000000002,0,NA
"Portland, OR",Oregon,OR,0.7271927911829204,-0.015598752099832013,NA,557.6,8.223636363636365,790.86942,37507,0,42.636,0,NA
"Pottsville, PA",Pennsylvania,PA,1.3416065645131587,-0.01554779000245707,NA,1043.1,9.246363636363636,0,300,0,0,0,NA
"Price, UT",Utah,UT,0.8733680770969454,0.10228732973528656,NA,1232.5,8.48,0,0,0,549.45,0,NA
"Pueblo, CO",Colorado,CO,1.5733783527703684,-0.0699776460297405,NA,1538.7,9.159090909090908,0,0,0,735.042,0,NA
"Racine, WI",Wisconsin,WI,1.395593905647525,-0.0637266462280219,NA,18.1,8.936363636363636,222.81732,0,0,11.946,0,NA
"Raleigh, NC",North Carolina,NC,1.5641569270703863,0.051117091580808,NA,107.1,7.719090909090909,81.2856,172.5,0,0.99,0,NA
"Rapid City, SD",South Dakota,SD,1.1883457716302634,0.010409745293466223,NA,208,8.697272727272727,0,0,0,137.28,0,NA
"Redding, CA",California,CA,1.232946800582309,-0.052471486650905605,0.62,70.7,21.503636363636364,0,0,0,46.332,0,NA
"Reno, NV",Nevada,NV,0.5607456525715188,-0.0025516713447307987,NA,1130.8,8.055454545454545,1108.767,0,0,363.528,0,NA
"Richfield, UT",Utah,UT,0.8733680770969454,0.10228732973528656,NA,1.5,8.48,0,0,0,0.99,0,NA
"Richmond, IN",Indiana,IN,1.0474986454758894,-0.034801558475863435,NA,620.1,8.80090909090909,6.501,0,0,409.266,0,NA
"Richmond, KY",Kentucky,KY,1.0932736336736308,0.015463917525773196,NA,50,6.963636363636364,0,0,0,33,0,NA
"Richmond, VA",Virginia,VA,1.2311429835129044,-0.028448966134426074,NA,548,9.297272727272727,1265.8338,0,0,322.08000000000004,0,NA
"Rochester, MN",Minnesota,MN,1.1177110683729323,-0.05340644732469259,NA,11,9.333636363636364,0,0,0,7.26,0,NA
"Rochester, NY",New York,NY,1.5160347971968846,-0.025604180274330503,0.58,434.6,9.925454545454546,80.85,459.65,0,270.534,0,NA
"Rock Hill, SC",South Carolina,SC,1.791545830218286,-0.0014595615591551714,NA,698.5999999999999,7.051818181818182,2.97,0,0,0,0,NA
"Rockford, IL",Illinois,IL,1.22124812343731,-0.02533513900089776,NA,145.1,10.166363636363636,0,0,0,95.766,0,NA
"Rockingham, NC",North Carolina,NC,1.5641569270703863,0.051117091580808,NA,91.2,7.719090909090909,660,0,0,56.562000000000005,0,NA
"Rocky Mount, NC",North Carolina,NC,1.5641569270703863,0.051117091580808,NA,559.2,7.719090909090909,0,0,0,365.77200000000005,0,NA
"Rome, GA",Georgia,GA,1.6115501200383877,-0.029546918617135494,NA,23,7.780909090909091,1320,0,0,8.58,0,NA
"Roswell, NM",New Mexico,NM,0.9640782783510079,-0.025599765944997074,NA,163,6.034545454545454,0,0,0,83.82000000000001,0,NA
"Ruston, LA",Louisiana,LA,0.8886212100289981,-0.0189873417721519,NA,447.1,6.193636363636363,3300,0,0,295.086,0,NA
"Sacramento, CA",California,CA,1.232946800582309,-0.052471486650905605,0.62,72.6,21.503636363636364,74.11800000000001,1900,0,43.956,0,NA
"Saginaw, MI",Michigan,MI,1.0935325331688461,-0.06023174710316121,NA,374,8.56090909090909,0,1125,0,246.84,0,NA
"Saint George, UT",Utah,UT,0.8733680770969454,0.10228732973528656,NA,812,8.48,0.792,0,0,258.72,0,NA
"Saint Joseph, MO",Kansas,KS,1.3477379966293899,0.09595994238287948,NA,1.3,7.9418181818181814,0,0,0,0.8580000000000001,0,NA
"Saint Louis, MO",Missouri,MO,1.417115971075387,-0.08179825705787194,NA,141.5,8.34909090909091,22.802999999999937,800,0,93.39,0,NA
"Salina, KS",Kansas,KS,1.3477379966293899,0.09595994238287948,NA,212.4,7.9418181818181814,0,0,0,140.184,0,NA
"Salisbury, MD",Delaware,DE,0.8693586237660247,-0.03498385360602799,NA,48.1,9.41,0,0,0,31.746000000000002,0,NA
"Salisbury, NC",North Carolina,NC,1.5641569270703863,0.051117091580808,NA,5,7.719090909090909,0,0,0,3.3000000000000003,0,NA
"Salt Lake City, UT",Utah,UT,0.8733680770969454,0.10228732973528656,NA,918.6,8.48,1148.334,11000,0,474.276,0,NA
"San Angelo, TX",Texas,TX,1.433357310900631,0.0909016352074291,0.55,592.8,6.529090909090909,0,0,0,325.24800000000005,0,NA
"San Antonio, TX",Texas,TX,1.433357310900631,0.0909016352074291,0.55,1164,6.529090909090909,654.4395000000001,0,0,0,0,NA
"San Diego, CA",California,CA,1.232946800582309,-0.052471486650905605,0.62,974.8,21.503636363636364,17.3316,0,0,8.91,0,NA
"San Francisco, CA",California,CA,1.232946800582309,-0.052471486650905605,0.62,1698.3,21.503636363636364,781.8294,4471,0,203.94,0,NA
"Sanford, NC",North Carolina,NC,1.5641569270703863,0.051117091580808,NA,18.1,7.719090909090909,0,5000,0,8.25,0,NA
"Santa Fe, NM",New Mexico,NM,0.9640782783510079,-0.025599765944997074,NA,10,6.034545454545454,0,0,0,6.6000000000000005,0,NA
"Sarasota, FL",Florida,FL,1.02991136792623,0.005026071361356818,NA,819.9,8.843636363636364,0,0,0,541.134,0,NA
"Savannah, GA",Georgia,GA,1.6115501200383877,-0.029546918617135494,NA,14.1,7.780909090909091,0,0,0,9.306000000000001,0,NA
"Scottsbluff, NE",Nebraska,NE,0.7710067717869153,-0.06306049822064057,NA,15.6,7.995454545454545,0,0,0,10.296,0,NA
"Seattle, WA",Washington,WA,1.405849098787382,0.010884907059639721,NA,NA,6.724545454545455,94.42752,0,0,0,0,NA
"Sedalia, MO",Missouri,MO,1.417115971075387,-0.08179825705787194,NA,4.9,8.34909090909091,0,0,0,3.2340000000000004,0,NA
"Sheboygan, WI",Wisconsin,WI,1.395593905647525,-0.0637266462280219,NA,153.2,8.936363636363636,0,0,0,101.112,0,NA
"Shelby, NC",North Carolina,NC,1.5641569270703863,0.051117091580808,NA,30.9,7.719090909090909,116.16,0,0,20.394000000000002,0,NA
"Shreveport, LA",Louisiana,LA,0.8886212100289981,-0.0189873417721519,NA,77,6.193636363636363,0.66,0,0,50.82,0,NA
"Sioux City, IA",Iowa,IA,1.0779448194367904,-0.027982631470121994,NA,4,7.256363636363637,4.4088,0,0,2.64,0,NA
"Sioux Falls, SD",South Dakota,SD,1.1883457716302634,0.010409745293466223,NA,NA,8.697272727272727,1.6499999999999995,0,0,0,0,NA
"Snyder, TX",Texas,TX,1.433357310900631,0.0909016352074291,0.55,1082.6000000000001,6.529090909090909,0,0,0,431.838,0,NA
"Socorro, NM",New Mexico,NM,0.9640782783510079,-0.025599765944997074,NA,355,6.034545454545454,224.4,0,0,135.3,0,NA
"South Bend, IN",Indiana,IN,1.0474986454758894,-0.034801558475863435,NA,661.2,8.80090909090909,840.84,0,0,436.392,0,NA
"Southaven, MS",Mississippi,MS,1.8620711603335245,0.08130999435347261,NA,122.7,7.285454545454545,0,0,0,80.982,0,NA
"Spokane, WA",Washington,WA,1.405849098787382,0.010884907059639721,NA,NA,6.724545454545455,2.6037000000000003,0,0,0,0,NA
"Springfield, IL",Illinois,IL,1.22124812343731,-0.02533513900089776,NA,1067,10.166363636363636,0,0,0,702.9,0,NA
"Springfield, MA",Massachusetts,MA,0.9683881164414642,-0.09316003058283832,NA,122.7,19.201818181818183,0.792,0,0,49.764,0,NA
"Springfield, MO",Missouri,MO,1.417115971075387,-0.08179825705787194,NA,1329,8.34909090909091,3.3000000000000003,0,0,0,0,NA
"State College, PA",Pennsylvania,PA,1.3416065645131587,-0.01554779000245707,NA,45,9.246363636363636,0.66,0,0,29.700000000000003,0,NA
"Sterling, CO",Colorado,CO,1.5733783527703684,-0.0699776460297405,NA,29.9,9.159090909090908,0,0,0,19.734,0,NA
"Sumter, SC",South Carolina,SC,1.791545830218286,-0.0014595615591551714,NA,34,7.051818181818182,0,0,0,22.44,0,NA
"Syracuse, NY",New York,NY,1.5160347971968846,-0.025604180274330503,0.58,473,9.925454545454546,0.29700000000000004,149300,0,299.64000000000004,0,NA
"Tallahassee, FL",Florida,FL,1.02991136792623,0.005026071361356818,NA,2000,8.843636363636364,0.33,0,0,1119.69,0,NA
"Tampa, FL",Florida,FL,1.02991136792623,0.005026071361356818,NA,639,8.843636363636364,10.6986,0,0,370.59000000000003,0,NA
"Texarkana, TX",Texas,TX,1.433357310900631,0.0909016352074291,0.55,90,6.529090909090909,0.528,0,0,59.4,0,NA
"Toledo, OH",Ohio,OH,1.1007608831857805,0.00655862726406101,NA,628.1,8.414545454545454,1.452,0,0,406.62600000000003,0,NA
"Topeka, KS",Kansas,KS,1.3477379966293899,0.09595994238287948,NA,4.4,7.9418181818181814,0,1920,0,2.9040000000000004,0,NA
"Traverse City, MI",Michigan,MI,1.0935325331688461,-0.06023174710316121,NA,4,8.56090909090909,0,0,0,2.64,0,NA
"Trinidad, CO",Colorado,CO,1.5733783527703684,-0.0699776460297405,NA,152.7,9.159090909090908,0,0,0,98.34,0,NA
"Tucson, AZ",Arizona,AZ,1.0092801843018,0.01951184647821892,NA,1312.3,8.195454545454545,11.55,0,0,354.618,0,NA
"Tulsa, OK",Oklahoma,OK,1.2557163893183034,-0.07530170735776653,NA,576.4,6.096363636363637,1491.336,0,0,380.42400000000004,0,NA
"Tupelo, MS",Mississippi,MS,1.8620711603335245,0.08130999435347261,NA,725,7.285454545454545,0.42900000000000005,0,0,379.5,0,NA
"Twin Falls, ID",Idaho,ID,1.1076987198411925,0.1348022444231559,NA,282,7.8145454545454545,0,0,0,145.2,0,NA
"Valdosta, GA",Georgia,GA,1.6115501200383877,-0.029546918617135494,NA,401.8,7.780909090909091,0,0,0,206.118,0,NA
"Van Horn, TX",Texas,TX,1.433357310900631,0.0909016352074291,0.55,44.7,6.529090909090909,0,0,0,22.968000000000004,0,NA
"Vernon, TX",Texas,TX,1.433357310900631,0.0909016352074291,0.55,279.9,6.529090909090909,0,0,0,0,0,NA
"Victoria, TX",Texas,TX,1.433357310900631,0.0909016352074291,0.55,2917.1,6.529090909090909,0,0,0,1423.488,0,NA
"Virginia Beach, VA",Virginia,VA,1.2311429835129044,-0.028448966134426074,NA,916.7,9.297272727272727,31.416,0,0,605.022,0,NA
"Waco, TX",Texas,TX,1.433357310900631,0.0909016352074291,0.55,3145.4,6.529090909090909,383.32800000000003,326,0,1386.726,0,NA
"Wahpeton, ND",North Dakota,ND,1.2740508885869335,0.008046490835940992,NA,NA,7.624545454545454,264,0,0,0,0,NA
"Walla Walla, WA",Washington,WA,1.405849098787382,0.010884907059639721,NA,NA,6.724545454545455,0.066,0,0,0,0,NA
"Waterloo, IA",Iowa,IA,1.0779448194367904,-0.027982631470121994,NA,6.6,7.256363636363637,1.1880000000000002,0,0,4.356,0,NA
"Watertown, NY",New York,NY,1.5160347971968846,-0.025604180274330503,0.58,150.2,9.925454545454546,0.33,315,0,99.132,0,NA
"Watertown, SD",South Dakota,SD,1.1883457716302634,0.010409745293466223,NA,1,8.697272727272727,0,0,0,0.66,0,NA
"Watseka, IL",Indiana,IN,1.0474986454758894,-0.034801558475863435,NA,816.3,8.80090909090909,0,0,0,501.6,0,NA
"Wausau, WI",Wisconsin,WI,1.395593905647525,-0.0637266462280219,NA,225,8.936363636363636,3.1851599999999998,0,0,99,0,NA
"Waynesboro, GA",Georgia,GA,1.6115501200383877,-0.029546918617135494,NA,450,7.780909090909091,0,0,0,297,0,NA
"Wenatchee, WA",Washington,WA,1.405849098787382,0.010884907059639721,NA,15,6.724545454545455,521.6574,0,0,9.9,0,NA
"West Plains, MO",Missouri,MO,1.417115971075387,-0.08179825705787194,NA,8,8.34909090909091,0,0,0,5.28,0,NA
"Wichita Falls, TX",Texas,TX,1.433357310900631,0.0909016352074291,0.55,36328.7,6.529090909090909,102.96000000000001,0,0,0,0,NA
"Wichita, KS",Kansas,KS,1.3477379966293899,0.09595994238287948,NA,1665.3000000000002,7.9418181818181814,0,1800,0,0,0,NA
"Williamsport, PA",Pennsylvania,PA,1.3416065645131587,-0.01554779000245707,NA,109.9,9.246363636363636,0,0,0,72.534,0,NA
"Wilmington, NC",North Carolina,NC,1.5641569270703863,0.051117091580808,NA,27,7.719090909090909,0,0,0,11.22,0,NA
"Winchester, VA",Virginia,VA,1.2311429835129044,-0.028448966134426074,NA,331.4,9.297272727272727,24.86154,0,0,218.724,0,NA
"Winona, MN",Minnesota,MN,1.1177110683729323,-0.05340644732469259,NA,107.8,9.333636363636364,0,0,0,71.148,0,NA
"Winston-Salem, NC",North Carolina,NC,1.5641569270703863,0.051117091580808,NA,55,7.719090909090909,2.31,0,0,33,0,NA
"Winterset, IA",Iowa,IA,1.0779448194367904,-0.027982631470121994,NA,25,7.256363636363637,0,0,0,16.5,0,NA
"Wytheville, VA",Virginia,VA,1.2311429835129044,-0.028448966134426074,NA,95,9.297272727272727,0,0,0,62.7,0,NA
"Yakima, WA",Washington,WA,1.405849098787382,0.010884907059639721,NA,160,6.724545454545455,0.066,0,0,105.60000000000001,0,NA
"Yankton, SD",South Dakota,SD,1.1883457716302634,0.010409745293466223,NA,NA,8.697272727272727,0.8250000000000001,0,0,0,0,NA
"Yuma, AZ",Arizona,AZ,1.0092801843018,0.01951184647821892,NA,3663.2,8.195454545454545,0,0,0,1076.592,0,NA
"Zanesville, OH",Ohio,OH,1.1007608831857805,0.00655862726406101,NA,488.9,8.414545454545454,0,0,0,322.674,0,NA
