indicator,n_values,n_sample_matches,sample_rows,status,declared,inputs_unavailable
battery_manufacturing,35,0,3,ok,FALSE,FALSE
clean_electric_capacity_growth,42,0,3,ok,FALSE,FALSE
clean_tech_investment,50,0,3,ok,FALSE,FALSE
cnbc_rank,50,0,3,ok,FALSE,FALSE
cpcn,50,1,3,ok,FALSE,FALSE
datacenter_index,50,0,3,ok,FALSE,FALSE
datacenter_mw,50,0,3,ok,FALSE,FALSE
dev_policy_count,50,0,3,ok,FALSE,FALSE
dsire_policy_count,3,3,3,sample_bleed,TRUE,FALSE
economic_dynamism,50,0,3,ok,FALSE,FALSE
electric_capacity_growth,46,0,3,ok,FALSE,FALSE
electricity_price,50,0,3,ok,FALSE,FALSE
employment_lq,3,3,3,sample_bleed,TRUE,FALSE
ev_manufacturing,35,0,3,ok,FALSE,FALSE
ev_stations_cap,50,0,3,ok,FALSE,FALSE
evs_per_capita,50,0,3,ok,FALSE,FALSE
feasibility_index,3,3,3,sample_bleed,TRUE,FALSE
gdp_growth_index,48,0,3,ok,FALSE,FALSE
incentives_gdp,40,0,3,ok,FALSE,FALSE
industrial_electricity_price,50,0,3,ok,FALSE,FALSE
industry_feasibility,3,3,3,sample_bleed,TRUE,FALSE
interconnection_queue,48,0,3,ok,FALSE,FALSE
legislation_index,38,1,3,ok,FALSE,FALSE
ordinance,32,0,3,ok,FALSE,FALSE
regdata_index,49,0,3,ok,FALSE,FALSE
renewable_potential,3,3,3,sample_bleed,TRUE,FALSE
semiconductor_investment,28,0,3,ok,FALSE,FALSE
semiconductor_manufacturing,28,0,3,ok,FALSE,FALSE
sepa,50,3,3,ok,FALSE,FALSE
solar_manufacturing,35,0,3,ok,FALSE,FALSE
spot_score,50,0,3,ok,FALSE,FALSE
workforce_growth,50,0,3,ok,FALSE,FALSE
workforce_share,50,0,3,ok,FALSE,FALSE
