state,qcew_year,bundle_employment,total_employment,cells_disclosed,cells_suppressed,cells_absent
Alabama,2025,23795,1721931,9,0,0
Alaska,2025,4736,257911,4,3,2
Arizona,2025,28529,2826668,9,0,0
Arkansas,2025,14072,1107824,7,1,1
California,2025,191577,15538140,9,0,0
Colorado,2025,38276,2432727,9,0,0
Connecticut,2025,20699,1468253,8,1,0
Delaware,2025,3586,412488,3,6,0
Florida,2025,90783,8814642,9,0,0
Georgia,2025,67791,4206571,8,1,0
Hawaii,2025,6002,520492,5,3,1
Idaho,2025,8292,748579,9,0,0
Illinois,2025,64054,5244962,9,0,0
Indiana,2025,29232,2790648,9,0,0
Iowa,2025,14103,1308323,8,1,0
Kansas,2025,15978,1185542,6,3,0
Kentucky,2025,18518,1693812,8,1,0
Louisiana,2025,14415,1622176,8,1,0
Maine,2025,5120,549511,7,1,1
Maryland,2025,24865,2230259,9,0,0
Massachusetts,2025,30838,3184467,8,1,0
Michigan,2025,41768,3819548,9,0,0
Minnesota,2025,28483,2548333,9,0,0
Mississippi,2025,17553,942660,7,2,0
Missouri,2025,35191,2483283,9,0,0
Montana,2025,5101,427082,6,3,0
Nebraska,2025,6582,853689,5,4,0
Nevada,2025,7818,1394215,7,2,0
New Hampshire,2025,8327,605591,6,3,0
New Jersey,2025,42621,3704796,9,0,0
New Mexico,2025,6661,690919,8,1,0
New York,2025,126803,8364122,9,0,0
North Carolina,2025,66007,4219973,8,1,0
North Dakota,2025,4510,353989,4,4,1
Ohio,2025,52794,4796137,8,1,0
Oklahoma,2025,17115,1362967,7,2,0
Oregon,2025,12306,1692261,9,0,0
Pennsylvania,2025,72119,5375570,9,0,0
Rhode Island,2025,3525,438005,5,4,0
South Carolina,2025,34891,1947536,9,0,0
South Dakota,2025,4562,383895,4,4,1
Tennessee,2025,29814,2837182,9,0,0
Texas,2025,172921,12064054,9,0,0
Utah,2025,12867,1473262,9,0,0
Vermont,2025,2651,254712,5,3,1
Virginia,2025,41920,3404966,9,0,0
Washington,2025,42256,3005728,9,0,0
West Virginia,2025,7327,560986,6,3,0
Wisconsin,2025,35731,2560272,9,0,0
Wyoming,2025,3440,214339,3,5,1
