GeoFIPS,GeoName,Region,TableName,LineCode,IndustryClassification,Description,Unit,1997,1998,1999,2000,2001,2002,2003,2004,2005,2006,2007,2008,2009,2010,2011,2012,2013,2014,2015,2016,2017,2018,2019,2020,2021,2022,2023,2024
 "42000","Pennsylvania",2,SAGDP5,1,"...","All industry total ","Thousands of dollars",-1249752,-1187553,-1237691,-1250410,-1371767,-1411894,-1632888,-1558371,-1791753,-1687229,-1532858,-1578857,-1945933,-1919986,-2170131,-1989616,-1978479,-1859505,-1797094,-1889426,-1938347,-1990353,-2002764,-24309823,-21230864,-4258839,-3524577,-3274141
 "42000","Pennsylvania",2,SAGDP5,2,"..."," Private industries ","Thousands of dollars",-603840,-644930,-721479,-749978,-834098,-768744,-945000,-843276,-1057019,-937903,-807721,-871184,-1175576,-1116383,-1286765,-1195884,-1167884,-1063958,-1021781,-1044933,-1112930,-1099675,-1116638,-22716466,-19660941,-2373716,-2068786,-1767216
 "42000","Pennsylvania",2,SAGDP5,3,"11","  Agriculture, forestry, fishing and hunting ","Thousands of dollars",-30083,-38811,-82654,-127152,-92236,-112187,-157521,-78025,-120226,-114901,-68848,-73831,-137292,-69000,-62465,-98241,-76333,-44220,-54218,-68008,-77541,-82822,-162386,-615280,-306180,-119312,-158972,-58856
 "42000","Pennsylvania",2,SAGDP5,4,"111-112","   Farms ","Thousands of dollars",-30083,-38811,-82654,-127152,-92236,-112187,-157521,-78025,-120226,-114901,-68848,-73831,-137292,-69000,-62465,-98241,-76333,-44220,-54218,-68008,-77541,-82822,-162386,-579724,-291711,-119284,-158972,-58856
 "42000","Pennsylvania",2,SAGDP5,5,"113-115","   Forestry, fishing, and related activities ","Thousands of dollars",0,0,0,0,0,0,0,0,0,0,0,0,0,0,0,0,0,0,0,0,0,0,0,-35556,-14468,-27,0,0
 "42000","Pennsylvania",2,SAGDP5,6,"21","  Mining, quarrying, and oil and gas extraction ","Thousands of dollars",0,0,0,0,0,0,0,0,0,0,0,0,0,0,0,0,0,0,0,0,0,0,0,-124527,-94540,-281,0,0
 "42000","Pennsylvania",2,SAGDP5,7,"211","   Oil and gas extraction ","Thousands of dollars",0,0,0,0,0,0,0,0,0,0,0,0,0,0,0,0,0,0,0,0,0,0,0,-9627,-33695,-78,0,0
 "42000","Pennsylvania",2,SAGDP5,8,"212","   Mining (except oil and gas) ","Thousands of dollars",0,0,0,0,0,0,0,0,0,0,0,0,0,0,0,0,0,0,0,0,0,0,0,-53079,-17193,-60,0,0
 "42000","Pennsylvania",2,SAGDP5,9,"213","   Support activities for mining ","Thousands of dollars",0,0,0,0,0,0,0,0,0,0,0,0,0,0,0,0,0,0,0,0,0,0,0,-61821,-43652,-143,0,0
 "42000","Pennsylvania",2,SAGDP5,10,"22","  Utilities ","Thousands of dollars",0,0,0,0,0,0,0,0,0,0,0,0,0,0,0,0,0,0,0,0,0,0,0,-35581,-32694,-439,0,0
 "42000","Pennsylvania",2,SAGDP5,11,"23","  Construction ","Thousands of dollars",0,0,0,0,0,0,0,0,0,0,0,0,0,0,0,0,0,0,0,0,0,0,0,-2377864,-1396423,-2790,0,0
 "42000","Pennsylvania",2,SAGDP5,12,"31-33","  Manufacturing ","Thousands of dollars",0,0,0,0,0,0,0,0,0,-304,-164,-7158,-17994,-56046,-70114,-54526,-24996,-27346,-18633,-17223,-18984,-16908,-19029,-2322629,-1745258,-23594,-26840,-35433
 "42000","Pennsylvania",2,SAGDP5,13,"321,327-339","   Durable goods manufacturing ","Thousands of dollars",0,0,0,0,0,0,0,0,0,0,0,-7008,-16771,-53369,-64576,-49210,-22302,-18325,-17124,-15809,-17570,-15503,-17924,-1562876,-1020031,-22004,-25230,-33153
 "42000","Pennsylvania",2,SAGDP5,14,"321","    Wood product manufacturing ","Thousands of dollars",0,0,0,0,0,0,0,0,0,0,0,0,0,0,0,0,0,0,0,0,0,0,0,-105418,-56551,-49,0,0
 "42000","Pennsylvania",2,SAGDP5,15,"327","    Nonmetallic mineral product manufacturing ","Thousands of dollars",0,0,0,0,0,0,0,0,0,0,0,0,0,0,0,0,0,0,0,0,0,0,0,-82773,-37950,0,0,0
 "42000","Pennsylvania",2,SAGDP5,16,"331","    Primary metal manufacturing ","Thousands of dollars",0,0,0,0,0,0,0,0,0,0,0,0,0,0,0,0,0,0,0,0,0,0,0,-111927,-82771,0,0,0
 "42000","Pennsylvania",2,SAGDP5,17,"332","    Fabricated metal product manufacturing ","Thousands of dollars",0,0,0,0,0,0,0,0,0,0,0,0,0,0,0,0,0,0,0,0,0,0,0,-523615,-255187,-145,0,0
 "42000","Pennsylvania",2,SAGDP5,18,"333","    Machinery manufacturing ","Thousands of dollars",0,0,0,0,0,0,0,0,0,0,0,0,0,0,0,0,0,0,0,0,0,0,0,-280685,-117740,-53,0,0
 "42000","Pennsylvania",2,SAGDP5,19,"334","    Computer and electronic product manufacturing ","Thousands of dollars",0,0,0,0,0,0,0,0,0,0,0,0,0,0,0,0,0,0,0,0,0,0,0,-110638,-62029,-27,0,0
 "42000","Pennsylvania",2,SAGDP5,20,"335","    Electrical equipment, appliance, and component manufacturing ","Thousands of dollars",0,0,0,0,0,0,0,0,0,0,0,-7008,-16771,-53369,-64576,-49210,-22302,-18325,-17124,-15809,-17570,-15503,-17924,-96072,-65971,-21572,-25230,-33153
 "42000","Pennsylvania",2,SAGDP5,21,"3361-3363","    Motor vehicles, bodies and trailers, and parts manufacturing ","Thousands of dollars",0,0,0,0,0,0,0,0,0,0,0,0,0,0,0,0,0,0,0,0,0,0,0,-19496,-47679,-12,0,0
 "42000","Pennsylvania",2,SAGDP5,22,"3364-3466,3369","    Other transportation equipment manufacturing ","Thousands of dollars",0,0,0,0,0,0,0,0,0,0,0,0,0,0,0,0,0,0,0,0,0,0,0,-49587,-79754,0,0,0
 "42000","Pennsylvania",2,SAGDP5,23,"337","    Furniture and related product manufacturing ","Thousands of dollars",0,0,0,0,0,0,0,0,0,0,0,0,0,0,0,0,0,0,0,0,0,0,0,-56039,-60751,-42,0,0
 "42000","Pennsylvania",2,SAGDP5,24,"339","    Miscellaneous manufacturing ","Thousands of dollars",0,0,0,0,0,0,0,0,0,0,0,0,0,0,0,0,0,0,0,0,0,0,0,-126626,-153647,-104,0,0
 "42000","Pennsylvania",2,SAGDP5,25,"311-316,322-326","   Nondurable goods manufacturing ","Thousands of dollars",0,0,0,0,0,0,0,0,0,-304,-164,-150,-1223,-2678,-5537,-5315,-2695,-9021,-1509,-1414,-1414,-1405,-1105,-759753,-725227,-1590,-1610,-2280
 "42000","Pennsylvania",2,SAGDP5,26,"311-312","    Food and beverage and tobacco product manufacturing ","Thousands of dollars",0,0,0,0,0,0,0,0,0,0,0,0,0,0,0,0,0,0,0,0,0,0,0,-243490,-291874,-31,0,0
 "42000","Pennsylvania",2,SAGDP5,27,"313-314","    Textile mills and textile product mills ","Thousands of dollars",0,0,0,0,0,0,0,0,0,-304,-164,-150,-181,-155,-139,-153,-155,-159,-820,-747,-702,-748,-658,-10897,-9862,-505,-581,-527
 "42000","Pennsylvania",2,SAGDP5,28,"315-316","    Apparel, leather, and allied product manufacturing ","Thousands of dollars",0,0,0,0,0,0,0,0,0,0,0,0,0,0,0,0,0,0,0,0,0,0,0,-61322,-36630,-34,0,0
 "42000","Pennsylvania",2,SAGDP5,29,"322","    Paper manufacturing ","Thousands of dollars",0,0,0,0,0,0,0,0,0,0,0,0,0,0,0,0,0,0,0,0,0,0,0,-57976,-30405,0,0,0
 "42000","Pennsylvania",2,SAGDP5,30,"323","    Printing and related support activities ","Thousands of dollars",0,0,0,0,0,0,0,0,0,0,0,0,0,0,0,0,0,0,0,0,0,0,0,-117281,-99114,-44,0,0
 "42000","Pennsylvania",2,SAGDP5,31,"324","    Petroleum and coal products manufacturing ","Thousands of dollars",0,0,0,0,0,0,0,0,0,0,0,0,-315,-1789,-459,-3638,-590,-6695,0,0,0,0,0,-25257,-11199,0,0,0
 "42000","Pennsylvania",2,SAGDP5,32,"325","    Chemical manufacturing ","Thousands of dollars",0,0,0,0,0,0,0,0,0,0,0,0,-727,-734,-4939,-1525,-1949,-2166,-689,-666,-712,-657,-447,-133464,-166215,-920,-1029,-1752
 "42000","Pennsylvania",2,SAGDP5,33,"326","    Plastics and rubber products manufacturing ","Thousands of dollars",0,0,0,0,0,0,0,0,0,0,0,0,0,0,0,0,0,0,0,0,0,0,0,-110067,-79926,-56,0,0
 "42000","Pennsylvania",2,SAGDP5,34,"42","  Wholesale trade ","Thousands of dollars",0,0,0,0,0,0,0,0,0,0,0,0,0,0,0,0,0,0,0,0,0,0,0,-877068,-426905,-416,0,0
 "42000","Pennsylvania",2,SAGDP5,35,"44-45","  Retail trade ","Thousands of dollars",0,0,0,0,0,0,0,0,0,0,0,0,-118878,-12705,-120,0,0,0,0,0,0,0,0,-2083482,-2160246,-3337,0,0
 "42000","Pennsylvania",2,SAGDP5,36,"48-49","  Transportation and warehousing ","Thousands of dollars",-121278,-95313,-112814,-117795,-257454,-156641,-214116,-167558,-178770,-177995,-159058,-200250,-255512,-303524,-230979,-183632,-183450,-173742,-181483,-190078,-227334,-260687,-221070,-1210363,-1162535,-249039,-360775,-367456
 "42000","Pennsylvania",2,SAGDP5,37,"481","   Air transportation ","Thousands of dollars",-601,30,0,-30,-151040,-4806,-75550,-511,-1832,-2794,-2824,-4236,-5137,-6158,-7089,-7780,-7029,-6579,-7210,-4650,-4850,-4600,-5649,-298591,-336012,-13314,-6498,-5817
 "42000","Pennsylvania",2,SAGDP5,38,"482","   Rail transportation ","Thousands of dollars",-116281,-93809,-112160,-116659,-103508,-146857,-134819,-156697,-171205,-166742,-151606,-192883,-246309,-295851,-222361,-173047,-175741,-166848,-174088,-184681,-222215,-255943,-215328,-331498,-383342,-234182,-354101,-361594
 "42000","Pennsylvania",2,SAGDP5,39,"483","   Water transportation ","Thousands of dollars",-4396,-1534,-654,-1106,-2906,-4978,-3612,-9465,-4897,-6223,-4066,-2522,-3803,-1516,-1528,-2804,-680,-315,-185,-747,-270,-143,-93,-6851,-12460,-134,-176,-45
 "42000","Pennsylvania",2,SAGDP5,40,"484","   Truck transportation ","Thousands of dollars",0,0,0,0,0,0,-136,-886,-836,-2236,-562,-609,-263,0,0,0,0,0,0,0,0,0,0,-342211,-128400,-551,0,0
 "42000","Pennsylvania",2,SAGDP5,41,"485","   Transit and ground passenger transportation ","Thousands of dollars",0,0,0,0,0,0,0,0,0,0,0,0,0,0,0,0,0,0,0,0,0,0,0,-66459,-164789,-507,0,0
 "42000","Pennsylvania",2,SAGDP5,42,"486","   Pipeline transportation ","Thousands of dollars",0,0,0,0,0,0,0,0,0,0,0,0,0,0,0,0,0,0,0,0,0,0,0,-10874,-1785,0,0,0
 "42000","Pennsylvania",2,SAGDP5,43,"487-488,492","   Other transportation and support activities ","Thousands of dollars",0,0,0,0,0,0,0,0,0,0,0,0,0,0,0,0,0,0,0,0,0,0,0,-124135,-79672,-338,0,0
 "42000","Pennsylvania",2,SAGDP5,44,"493","   Warehousing and storage ","Thousands of dollars",0,0,0,0,0,0,0,0,0,0,0,0,0,0,0,0,0,0,0,0,0,0,0,-29744,-56075,-13,0,0
 "42000","Pennsylvania",2,SAGDP5,45,"51","  Information ","Thousands of dollars",0,0,0,0,0,0,0,0,0,0,0,0,-1963,-5931,-26736,-42920,-21896,-4717,-4769,241,-528,-255,-339,-385537,-216420,-8278,0,0
 "42000","Pennsylvania",2,SAGDP5,46,"511","   Publishing industries (except Internet) ","Thousands of dollars",0,0,0,0,0,0,0,0,0,0,0,0,0,0,0,0,0,0,0,0,0,0,0,-187508,-76440,-187,0,0
 "42000","Pennsylvania",2,SAGDP5,47,"512","   Motion picture and sound recording industries ","Thousands of dollars",0,0,0,0,0,0,0,0,0,0,0,0,0,0,0,0,0,0,0,0,0,0,0,-27115,-52274,-7911,0,0
 "42000","Pennsylvania",2,SAGDP5,48,"515,517","   Broadcasting (except Internet) and telecommunications ","Thousands of dollars",0,0,0,0,0,0,0,0,0,0,0,0,-1963,-5931,-26736,-42920,-21896,-4717,-4769,241,-528,-255,-339,-47171,-47206,-102,0,0
 "42000","Pennsylvania",2,SAGDP5,49,"518-519","   Data processing, hosting, and other information services ","Thousands of dollars",0,0,0,0,0,0,0,0,0,0,0,0,0,0,0,0,0,0,0,0,0,0,0,-123743,-40500,-78,0,0
 "42000","Pennsylvania",2,SAGDP5,50,"52,53","  Finance, insurance, real estate, rental, and leasing ","Thousands of dollars",-452479,-510805,-526012,-505031,-484408,-499916,-573363,-597692,-758022,-644703,-579651,-589945,-643935,-637756,-643533,-667999,-678554,-645735,-664508,-713987,-769217,-738380,-713194,-2090184,-1662756,-830014,-933945,-1035465
 "42000","Pennsylvania",2,SAGDP5,51,"52","   Finance and insurance ","Thousands of dollars",-1723,-1952,-2519,-2632,-3200,-3049,-1126,-630,-1058,-556,-682,-1035,-861,-695,-81,-6646,-4411,-9627,-6668,-8575,-11892,-11757,-8311,-524220,-287942,-13926,-45093,-11138
 "42000","Pennsylvania",2,SAGDP5,52,"521-522","    Monetary Authorities- central bank, credit intermediation, and related services ","Thousands of dollars",-1723,-1952,-2519,-2632,-3200,-3049,-1126,-630,-1058,-556,-682,-1035,-861,-695,-81,-6646,-4411,-9627,-6668,-8575,-11892,-11757,-8311,-88143,-101998,-13603,-45067,-11135
 "42000","Pennsylvania",2,SAGDP5,53,"523","    Securities, commodity contracts, and other financial investments and related activities ","Thousands of dollars",0,0,0,0,0,0,0,0,0,0,0,0,0,0,0,0,0,0,0,0,0,0,0,-153522,-50821,-104,-25,-3
 "42000","Pennsylvania",2,SAGDP5,54,"524","    Insurance carriers and related activities ","Thousands of dollars",0,0,0,0,0,0,0,0,0,0,0,0,0,0,0,0,0,0,0,0,0,0,0,-267355,-131463,-219,0,0
 "42000","Pennsylvania",2,SAGDP5,55,"525","    Funds, trusts, and other financial vehicles ","Thousands of dollars",0,0,0,0,0,0,0,0,0,0,0,0,0,0,0,0,0,0,0,0,0,0,0,-15201,-3660,0,0,0
 "42000","Pennsylvania",2,SAGDP5,56,"53","   Real estate and rental and leasing ","Thousands of dollars",-450756,-508853,-523494,-502400,-481208,-496867,-572237,-597062,-756964,-644147,-578969,-588910,-643074,-637061,-643452,-661354,-674143,-636108,-657840,-705412,-757325,-726623,-704883,-1565964,-1374814,-816088,-888852,-1024326
 "42000","Pennsylvania",2,SAGDP5,57,"531","    Real estate ","Thousands of dollars",-450756,-508853,-523494,-502400,-481208,-496867,-572237,-597062,-756964,-644147,-578969,-588910,-643074,-637061,-643452,-661354,-674143,-636108,-657840,-705412,-757325,-726623,-704883,-1442586,-1296852,-815933,-888852,-1024326
 "42000","Pennsylvania",2,SAGDP5,58,"532-533","    Rental and leasing services and lessors of nonfinancial intangible assets ","Thousands of dollars",0,0,0,0,0,0,0,0,0,0,0,0,0,0,0,0,0,0,0,0,0,0,0,-123377,-77962,-155,0,0
 "42000","Pennsylvania",2,SAGDP5,59,"54,55,56","  Professional and business services ","Thousands of dollars",0,0,0,0,0,0,0,0,0,0,0,0,0,0,0,0,0,0,0,0,0,0,0,-3717495,-1744304,-2671,-1432,-175
 "42000","Pennsylvania",2,SAGDP5,60,"54","   Professional, scientific, and technical services ","Thousands of dollars",0,0,0,0,0,0,0,0,0,0,0,0,0,0,0,0,0,0,0,0,0,0,0,-2472303,-1150390,-1757,0,0
 "42000","Pennsylvania",2,SAGDP5,61,"5411","    Legal services ","Thousands of dollars",0,0,0,0,0,0,0,0,0,0,0,0,0,0,0,0,0,0,0,0,0,0,0,-498288,-213901,-349,0,0
 "42000","Pennsylvania",2,SAGDP5,62,"5415","    Computer systems design and related services ","Thousands of dollars",0,0,0,0,0,0,0,0,0,0,0,0,0,0,0,0,0,0,0,0,0,0,0,-436418,-170791,-244,0,0
 "42000","Pennsylvania",2,SAGDP5,63,"5412-5414,5416-5419","    Miscellaneous professional, scientific, and technical services ","Thousands of dollars",0,0,0,0,0,0,0,0,0,0,0,0,0,0,0,0,0,0,0,0,0,0,0,-1537598,-765697,-1164,0,0
 "42000","Pennsylvania",2,SAGDP5,64,"55","   Management of companies and enterprises ","Thousands of dollars",0,0,0,0,0,0,0,0,0,0,0,0,0,0,0,0,0,0,0,0,0,0,0,-89328,-111184,-514,-1432,-175
 "42000","Pennsylvania",2,SAGDP5,65,"56","   Administrative and support and waste management and remediation services ","Thousands of dollars",0,0,0,0,0,0,0,0,0,0,0,0,0,0,0,0,0,0,0,0,0,0,0,-1155864,-482730,-400,0,0
 "42000","Pennsylvania",2,SAGDP5,66,"561","    Administrative and support services ","Thousands of dollars",0,0,0,0,0,0,0,0,0,0,0,0,0,0,0,0,0,0,0,0,0,0,0,-1046391,-426446,-337,0,0
 "42000","Pennsylvania",2,SAGDP5,67,"562","    Waste management and remediation services ","Thousands of dollars",0,0,0,0,0,0,0,0,0,0,0,0,0,0,0,0,0,0,0,0,0,0,0,-109473,-56284,-63,0,0
 "42000","Pennsylvania",2,SAGDP5,68,"61,62","  Educational services, health care, and social assistance ","Thousands of dollars",0,0,0,0,0,0,0,0,0,0,0,0,0,-31421,-252820,-148567,-182653,-168198,-98170,-55878,-19325,-623,-619,-4427024,-4068478,-1018530,-586823,-269832
 "42000","Pennsylvania",2,SAGDP5,69,"61","   Educational services ","Thousands of dollars",0,0,0,0,0,0,0,0,0,0,0,0,0,0,0,0,0,0,0,0,0,0,0,-187362,-294931,-375,0,0
 "42000","Pennsylvania",2,SAGDP5,70,"62","   Health care and social assistance ","Thousands of dollars",0,0,0,0,0,0,0,0,0,0,0,0,0,-31421,-252820,-148567,-182653,-168198,-98170,-55878,-19325,-623,-619,-4239661,-3773547,-1018156,-586823,-269832
 "42000","Pennsylvania",2,SAGDP5,71,"621","    Ambulatory health care services ","Thousands of dollars",0,0,0,0,0,0,0,0,0,0,0,0,0,0,0,0,0,0,0,0,0,0,0,-2733810,-2085325,-310917,-47047,-27844
 "42000","Pennsylvania",2,SAGDP5,72,"622","    Hospitals ","Thousands of dollars",0,0,0,0,0,0,0,0,0,0,0,0,0,-31421,-252820,-148567,-182653,-168198,-98170,-55878,-19325,-623,-619,-683763,-344021,-174432,-26826,-15066
 "42000","Pennsylvania",2,SAGDP5,73,"623","    Nursing and residential care facilities ","Thousands of dollars",0,0,0,0,0,0,0,0,0,0,0,0,0,0,0,0,0,0,0,0,0,0,0,-463155,-381812,-31323,-4629,-2788
 "42000","Pennsylvania",2,SAGDP5,74,"624","    Social assistance ","Thousands of dollars",0,0,0,0,0,0,0,0,0,0,0,0,0,0,0,0,0,0,0,0,0,0,0,-358933,-962388,-501483,-508321,-224134
 "42000","Pennsylvania",2,SAGDP5,75,"71,72","  Arts, entertainment, recreation, accommodation, and food services ","Thousands of dollars",0,0,0,0,0,0,0,0,0,0,0,0,0,0,0,0,0,0,0,0,0,0,0,-1575952,-3561996,-113064,0,0
 "42000","Pennsylvania",2,SAGDP5,76,"71","   Arts, entertainment, and recreation ","Thousands of dollars",0,0,0,0,0,0,0,0,0,0,0,0,0,0,0,0,0,0,0,0,0,0,0,-209722,-628004,-111240,0,0
 "42000","Pennsylvania",2,SAGDP5,77,"711-712","    Performing arts, spectator sports, museums, and related activities ","Thousands of dollars",0,0,0,0,0,0,0,0,0,0,0,0,0,0,0,0,0,0,0,0,0,0,0,-70398,-436099,-111035,0,0
 "42000","Pennsylvania",2,SAGDP5,78,"713","    Amusement, gambling, and recreation industries ","Thousands of dollars",0,0,0,0,0,0,0,0,0,0,0,0,0,0,0,0,0,0,0,0,0,0,0,-139324,-191905,-204,0,0
 "42000","Pennsylvania",2,SAGDP5,79,"72","   Accommodation and food services ","Thousands of dollars",0,0,0,0,0,0,0,0,0,0,0,0,0,0,0,0,0,0,0,0,0,0,0,-1366230,-2933992,-1824,0,0
 "42000","Pennsylvania",2,SAGDP5,80,"721","    Accommodation ","Thousands of dollars",0,0,0,0,0,0,0,0,0,0,0,0,0,0,0,0,0,0,0,0,0,0,0,-231908,-398085,-440,0,0
 "42000","Pennsylvania",2,SAGDP5,81,"722","    Food services and drinking places ","Thousands of dollars",0,0,0,0,0,0,0,0,0,0,0,0,0,0,0,0,0,0,0,0,0,0,0,-1134323,-2535907,-1384,0,0
 "42000","Pennsylvania",2,SAGDP5,82,"81","  Other services (except government and government enterprises) ","Thousands of dollars",0,0,0,0,0,0,0,0,0,0,0,0,0,0,0,0,0,0,0,0,0,0,0,-873480,-1082205,-1951,0,0
 "42000","Pennsylvania",2,SAGDP5,83,"92"," Government and government enterprises ","Thousands of dollars",-645912,-542624,-516212,-500432,-537668,-643150,-687887,-715096,-734734,-749326,-725138,-707673,-770358,-803603,-883365,-793731,-810596,-795547,-775313,-844493,-825417,-890677,-886126,-1593357,-1569923,-1885123,-1455791,-1506925
 "42000","Pennsylvania",2,SAGDP5,84,"...","  Federal civilian ","Thousands of dollars",-3372,-3253,-3596,-6516,-8755,-12271,-22318,-16293,-17628,-17347,-21609,-27183,-29536,-21631,-28049,-31619,-45725,-50655,-42931,-42063,-40622,-37523,-39290,-42028,-54870,-62335,-52521,-35840
 "42000","Pennsylvania",2,SAGDP5,85,"...","  Military ","Thousands of dollars",0,0,0,0,0,0,0,0,0,0,0,0,0,0,0,0,0,0,0,0,0,0,0,0,0,0,0,0
 "42000","Pennsylvania",2,SAGDP5,86,"...","  State and local ","Thousands of dollars",-642540,-539371,-512615,-493916,-528913,-630879,-665569,-698803,-717105,-731979,-703529,-680489,-740822,-781972,-855317,-762112,-764871,-744893,-732382,-802430,-784795,-853155,-846836,-1551328,-1515053,-1822788,-1403270,-1471085
 "42000","Pennsylvania",2,SAGDP5,87,"11,21","Natural resources and mining ","Thousands of dollars",-30083,-38811,-82654,-127152,-92236,-112187,-157521,-78025,-120226,-114901,-68848,-73831,-137292,-69000,-62465,-98241,-76333,-44220,-54218,-68008,-77541,-82822,-162386,-739807,-400719,-119593,-158972,-58856
 "42000","Pennsylvania",2,SAGDP5,88,"42,44-45","Trade ","Thousands of dollars",0,0,0,0,0,0,0,0,0,0,0,0,-118878,-12705,-120,0,0,0,0,0,0,0,0,-2960550,-2587152,-3753,0,0
 "42000","Pennsylvania",2,SAGDP5,89,"22,48-49","Transportation and utilities ","Thousands of dollars",-121278,-95313,-112814,-117795,-257454,-156641,-214116,-167558,-178770,-177995,-159058,-200250,-255512,-303524,-230979,-183632,-183450,-173742,-181483,-190078,-227334,-260687,-221070,-1245944,-1195229,-249478,-360775,-367456
 "42000","Pennsylvania",2,SAGDP5,90,"31-33,51","Manufacturing and information ","Thousands of dollars",0,0,0,0,0,0,0,0,0,-304,-164,-7158,-19958,-61977,-96849,-97445,-46893,-32063,-23402,-16981,-19512,-17163,-19368,-2708166,-1961678,-31872,-26840,-35433
 "42000","Pennsylvania",2,SAGDP5,91,"...","Private goods-producing industries 2/","Thousands of dollars",-30083,-38811,-82654,-127152,-92236,-112187,-157521,-78025,-120226,-115205,-69012,-80989,-155286,-125046,-132578,-152766,-101330,-71566,-72851,-85231,-96525,-99730,-181415,-5440301,-3542401,-145977,-185811,-94288
 "42000","Pennsylvania",2,SAGDP5,92,"...","Private services-providing industries 3/","Thousands of dollars",-573757,-606118,-638826,-622826,-741862,-656557,-787480,-765250,-936793,-822698,-738709,-790195,-1020289,-991337,-1154187,-1043118,-1066554,-992392,-948930,-959702,-1016404,-999945,-935223,-17276166,-16118540,-2227739,-1882975,-1672927
"Note: See the included footnote file."
"SAGDP5: Subsidies 1."
"Last updated: September 26, 2025-- new statistics for 2024; revised statistics for 2020-2023."
"U.S. Bureau of Economic Analysis"
