GeoFIPS,GeoName,Region,TableName,LineCode,IndustryClassification,Description,Unit,1997,1998,1999,2000,2001,2002,2003,2004,2005,2006,2007,2008,2009,2010,2011,2012,2013,2014,2015,2016,2017,2018,2019,2020,2021,2022,2023,2024
 "31000","Nebraska",4,SAGDP5,1,"...","All industry total ","Thousands of dollars",-512837,-820449,-1345359,-1347425,-1357530,-666078,-851594,-865567,-1481845,-957341,-721029,-843551,-808187,-759589,-832809,-843136,-1035381,-1096444,-1138571,-1202851,-1169719,-1071920,-1523725,-6088622,-4811999,-1445965,-1295221,-931366
 "31000","Nebraska",4,SAGDP5,2,"..."," Private industries ","Thousands of dollars",-436603,-752509,-1281510,-1269851,-1230412,-528274,-698355,-693843,-1308729,-773647,-482906,-510960,-456316,-524287,-521790,-508988,-596514,-684929,-776936,-854054,-807488,-723506,-1150950,-5647953,-4201312,-747965,-717527,-523456
 "31000","Nebraska",4,SAGDP5,3,"11","  Agriculture, forestry, fishing and hunting ","Thousands of dollars",-385518,-692946,-1219189,-1210035,-1156745,-467524,-622348,-622051,-1218178,-693843,-413721,-438202,-356617,-432285,-398331,-395599,-485889,-578719,-676743,-751607,-704746,-625252,-1054618,-2433902,-1307068,-496622,-502528,-348035
 "31000","Nebraska",4,SAGDP5,4,"111-112","   Farms ","Thousands of dollars",-385518,-692946,-1219189,-1210035,-1156745,-467524,-622348,-622051,-1218178,-693843,-413721,-438202,-356617,-432285,-398331,-395599,-485889,-578719,-676743,-751607,-704746,-625252,-1054618,-2413893,-1294655,-496599,-502528,-348035
 "31000","Nebraska",4,SAGDP5,5,"113-115","   Forestry, fishing, and related activities ","Thousands of dollars",0,0,0,0,0,0,0,0,0,0,0,0,0,0,0,0,0,0,0,0,0,0,0,-20008,-12413,-23,0,0
 "31000","Nebraska",4,SAGDP5,6,"21","  Mining, quarrying, and oil and gas extraction ","Thousands of dollars",0,0,0,0,0,0,0,0,0,0,0,0,0,0,0,0,0,0,0,0,0,0,0,-7086,-4983,-18,0,0
 "31000","Nebraska",4,SAGDP5,7,"211","   Oil and gas extraction ","Thousands of dollars",0,0,0,0,0,0,0,0,0,0,0,0,0,0,0,0,0,0,0,0,0,0,0,-281,-671,-2,0,0
 "31000","Nebraska",4,SAGDP5,8,"212","   Mining (except oil and gas) ","Thousands of dollars",0,0,0,0,0,0,0,0,0,0,0,0,0,0,0,0,0,0,0,0,0,0,0,-2293,-1739,-6,0,0
 "31000","Nebraska",4,SAGDP5,9,"213","   Support activities for mining ","Thousands of dollars",0,0,0,0,0,0,0,0,0,0,0,0,0,0,0,0,0,0,0,0,0,0,0,-4512,-2573,-10,0,0
 "31000","Nebraska",4,SAGDP5,10,"22","  Utilities ","Thousands of dollars",0,0,0,0,0,0,0,0,0,0,0,0,0,0,0,0,0,0,0,0,0,0,0,-6621,-1744,-28,0,0
 "31000","Nebraska",4,SAGDP5,11,"23","  Construction ","Thousands of dollars",0,0,0,0,0,0,0,0,0,0,0,0,0,0,0,0,0,0,0,0,0,0,0,-395741,-258996,-500,0,0
 "31000","Nebraska",4,SAGDP5,12,"31-33","  Manufacturing ","Thousands of dollars",0,0,0,0,0,0,0,0,0,-17,-9,-634,-1159,-3001,-4699,-3168,-1657,-1508,-1374,-1366,-1186,-1250,-1397,-260935,-310071,-1856,-2165,-3045
 "31000","Nebraska",4,SAGDP5,13,"321,327-339","   Durable goods manufacturing ","Thousands of dollars",0,0,0,0,0,0,0,0,0,0,0,-625,-1060,-2874,-3570,-2757,-1213,-1046,-1195,-1189,-1000,-1049,-1255,-131351,-122418,-1568,-1855,-2563
 "31000","Nebraska",4,SAGDP5,14,"321","    Wood product manufacturing ","Thousands of dollars",0,0,0,0,0,0,0,0,0,0,0,0,0,0,0,0,0,0,0,0,0,0,0,-5044,-5061,-5,0,0
 "31000","Nebraska",4,SAGDP5,15,"327","    Nonmetallic mineral product manufacturing ","Thousands of dollars",0,0,0,0,0,0,0,0,0,0,0,0,0,0,0,0,0,0,0,0,0,0,0,-9423,-3364,0,0,0
 "31000","Nebraska",4,SAGDP5,16,"331","    Primary metal manufacturing ","Thousands of dollars",0,0,0,0,0,0,0,0,0,0,0,0,0,0,0,0,0,0,0,0,0,0,0,-7698,-7973,0,0,0
 "31000","Nebraska",4,SAGDP5,17,"332","    Fabricated metal product manufacturing ","Thousands of dollars",0,0,0,0,0,0,0,0,0,0,0,0,0,0,0,0,0,0,0,0,0,0,0,-26625,-26342,-16,0,0
 "31000","Nebraska",4,SAGDP5,18,"333","    Machinery manufacturing ","Thousands of dollars",0,0,0,0,0,0,0,0,0,0,0,0,0,0,0,0,0,0,0,0,0,0,0,-31315,-22529,-10,0,0
 "31000","Nebraska",4,SAGDP5,19,"334","    Computer and electronic product manufacturing ","Thousands of dollars",0,0,0,0,0,0,0,0,0,0,0,0,0,0,0,0,0,0,0,0,0,0,0,-7098,-6448,-2,0,0
 "31000","Nebraska",4,SAGDP5,20,"335","    Electrical equipment, appliance, and component manufacturing ","Thousands of dollars",0,0,0,0,0,0,0,0,0,0,0,-625,-1060,-2874,-3570,-2757,-1213,-1046,-1195,-1189,-1000,-1049,-1255,-11334,-4894,-1511,-1855,-2563
 "31000","Nebraska",4,SAGDP5,21,"3361-3363","    Motor vehicles, bodies and trailers, and parts manufacturing ","Thousands of dollars",0,0,0,0,0,0,0,0,0,0,0,0,0,0,0,0,0,0,0,0,0,0,0,-10951,-13558,-5,0,0
 "31000","Nebraska",4,SAGDP5,22,"3364-3466,3369","    Other transportation equipment manufacturing ","Thousands of dollars",0,0,0,0,0,0,0,0,0,0,0,0,0,0,0,0,0,0,0,0,0,0,0,-3569,-8065,0,0,0
 "31000","Nebraska",4,SAGDP5,23,"337","    Furniture and related product manufacturing ","Thousands of dollars",0,0,0,0,0,0,0,0,0,0,0,0,0,0,0,0,0,0,0,0,0,0,0,-3729,-4090,-2,0,0
 "31000","Nebraska",4,SAGDP5,24,"339","    Miscellaneous manufacturing ","Thousands of dollars",0,0,0,0,0,0,0,0,0,0,0,0,0,0,0,0,0,0,0,0,0,0,0,-14563,-20095,-17,0,0
 "31000","Nebraska",4,SAGDP5,25,"311-316,322-326","   Nondurable goods manufacturing ","Thousands of dollars",0,0,0,0,0,0,0,0,0,-17,-9,-10,-99,-127,-1129,-411,-444,-463,-179,-177,-186,-202,-142,-129585,-187653,-288,-310,-482
 "31000","Nebraska",4,SAGDP5,26,"311-312","    Food and beverage and tobacco product manufacturing ","Thousands of dollars",0,0,0,0,0,0,0,0,0,0,0,0,0,0,0,0,0,0,0,0,0,0,0,-60188,-123023,-4,0,0
 "31000","Nebraska",4,SAGDP5,27,"313-314","    Textile mills and textile product mills ","Thousands of dollars",0,0,0,0,0,0,0,0,0,-17,-9,-10,-14,-11,-10,-11,-10,-11,-70,-78,-106,-106,-74,-6799,-1491,-45,-54,-50
 "31000","Nebraska",4,SAGDP5,28,"315-316","    Apparel, leather, and allied product manufacturing ","Thousands of dollars",0,0,0,0,0,0,0,0,0,0,0,0,0,0,0,0,0,0,0,0,0,0,0,-2032,-1971,-5,0,0
 "31000","Nebraska",4,SAGDP5,29,"322","    Paper manufacturing ","Thousands of dollars",0,0,0,0,0,0,0,0,0,0,0,0,0,0,0,0,0,0,0,0,0,0,0,-386,-961,0,0,0
 "31000","Nebraska",4,SAGDP5,30,"323","    Printing and related support activities ","Thousands of dollars",0,0,0,0,0,0,0,0,0,0,0,0,0,0,0,0,0,0,0,0,0,0,0,-9929,-10927,-5,0,0
 "31000","Nebraska",4,SAGDP5,31,"324","    Petroleum and coal products manufacturing ","Thousands of dollars",0,0,0,0,0,0,0,0,0,0,0,0,-1,-3,-2,-9,-2,-7,0,0,0,0,0,-416,-28,0,0,0
 "31000","Nebraska",4,SAGDP5,32,"325","    Chemical manufacturing ","Thousands of dollars",0,0,0,0,0,0,0,0,0,0,0,0,-84,-112,-1117,-391,-433,-445,-109,-98,-79,-96,-68,-37822,-40005,-224,-256,-432
 "31000","Nebraska",4,SAGDP5,33,"326","    Plastics and rubber products manufacturing ","Thousands of dollars",0,0,0,0,0,0,0,0,0,0,0,0,0,0,0,0,0,0,0,0,0,0,0,-12013,-9248,-6,0,0
 "31000","Nebraska",4,SAGDP5,34,"42","  Wholesale trade ","Thousands of dollars",0,0,0,0,0,0,0,0,0,0,0,0,0,0,0,0,0,0,0,0,0,0,0,-187170,-82924,-81,0,0
 "31000","Nebraska",4,SAGDP5,35,"44-45","  Retail trade ","Thousands of dollars",0,0,0,0,0,0,0,0,0,0,0,0,-19793,-2157,-20,0,0,0,0,0,0,0,0,-321022,-327020,-510,0,0
 "31000","Nebraska",4,SAGDP5,36,"48-49","  Transportation and warehousing ","Thousands of dollars",-1060,-767,-1006,-938,-16676,-1620,-9061,-1783,-2126,-2797,-1901,-2296,-2600,-2988,-2342,-2449,-2447,-2337,-2598,-2357,-2781,-3033,-2503,-217732,-150931,-7107,-8396,-8993
 "31000","Nebraska",4,SAGDP5,37,"481","   Air transportation ","Thousands of dollars",-63,3,0,-3,-15848,-504,-7927,-54,-192,-293,-296,-444,-539,-646,-744,-816,-738,-690,-756,-331,-437,-439,-534,-64620,-61474,-1396,-796,-685
 "31000","Nebraska",4,SAGDP5,38,"482","   Rail transportation ","Thousands of dollars",-993,-770,-1006,-934,-828,-1093,-1063,-1288,-1536,-1522,-1361,-1583,-1934,-2341,-1599,-1632,-1710,-1647,-1842,-2026,-2343,-2594,-1968,-11776,-14622,-5425,-7600,-8308
 "31000","Nebraska",4,SAGDP5,39,"483","   Water transportation ","Thousands of dollars",-4,0,0,0,0,-22,0,0,0,0,-6,0,0,0,0,-1,0,0,0,0,0,0,0,-592,-37,0,0,0
 "31000","Nebraska",4,SAGDP5,40,"484","   Truck transportation ","Thousands of dollars",0,0,0,0,0,0,-71,-441,-398,-981,-238,-268,-127,0,0,0,0,0,0,0,0,0,0,-96887,-51677,-231,0,0
 "31000","Nebraska",4,SAGDP5,41,"485","   Transit and ground passenger transportation ","Thousands of dollars",0,0,0,0,0,0,0,0,0,0,0,0,0,0,0,0,0,0,0,0,0,0,0,-2982,-8754,-22,0,0
 "31000","Nebraska",4,SAGDP5,42,"486","   Pipeline transportation ","Thousands of dollars",0,0,0,0,0,0,0,0,0,0,0,0,0,0,0,0,0,0,0,0,0,0,0,-32,-127,0,0,0
 "31000","Nebraska",4,SAGDP5,43,"487-488,492","   Other transportation and support activities ","Thousands of dollars",0,0,0,0,0,0,0,0,0,0,0,0,0,0,0,0,0,0,0,0,0,0,0,-28191,-10154,-28,0,0
 "31000","Nebraska",4,SAGDP5,44,"493","   Warehousing and storage ","Thousands of dollars",0,0,0,0,0,0,0,0,0,0,0,0,0,0,0,0,0,0,0,0,0,0,0,-12651,-4086,-4,0,0
 "31000","Nebraska",4,SAGDP5,45,"51","  Information ","Thousands of dollars",0,0,0,0,0,0,0,0,0,0,0,0,-163,-414,-1765,-2464,-1307,-315,-326,18,-41,-18,-21,-40367,-24940,-362,0,0
 "31000","Nebraska",4,SAGDP5,46,"511","   Publishing industries (except Internet) ","Thousands of dollars",0,0,0,0,0,0,0,0,0,0,0,0,0,0,0,0,0,0,0,0,0,0,0,-16472,-7073,-11,0,0
 "31000","Nebraska",4,SAGDP5,47,"512","   Motion picture and sound recording industries ","Thousands of dollars",0,0,0,0,0,0,0,0,0,0,0,0,0,0,0,0,0,0,0,0,0,0,0,-2972,-3250,-327,0,0
 "31000","Nebraska",4,SAGDP5,48,"515,517","   Broadcasting (except Internet) and telecommunications ","Thousands of dollars",0,0,0,0,0,0,0,0,0,0,0,0,-163,-414,-1765,-2464,-1307,-315,-326,18,-41,-18,-21,-10922,-7973,-16,0,0
 "31000","Nebraska",4,SAGDP5,49,"518-519","   Data processing, hosting, and other information services ","Thousands of dollars",0,0,0,0,0,0,0,0,0,0,0,0,0,0,0,0,0,0,0,0,0,0,0,-10001,-6644,-9,0,0
 "31000","Nebraska",4,SAGDP5,50,"52,53","  Finance, insurance, real estate, rental, and leasing ","Thousands of dollars",-50026,-58796,-61315,-58878,-56991,-59131,-66946,-70009,-88425,-76990,-67275,-69828,-75983,-79574,-83834,-86412,-84060,-83169,-84848,-92330,-96312,-93875,-92333,-295533,-265705,-118782,-149415,-136843
 "31000","Nebraska",4,SAGDP5,51,"52","   Finance and insurance ","Thousands of dollars",-264,-283,-389,-407,-515,-624,-235,-180,-248,-166,-246,-461,-1187,-4344,-3709,-4859,-3801,-5103,-3320,-3674,-3270,-2885,-2698,-105210,-89271,-17827,-38103,-10815
 "31000","Nebraska",4,SAGDP5,52,"521-522","    Monetary Authorities- central bank, credit intermediation, and related services ","Thousands of dollars",-264,-283,-389,-407,-515,-624,-235,-180,-248,-166,-246,-461,-1187,-4344,-3709,-4859,-3801,-5103,-3320,-3674,-3270,-2885,-2698,-23628,-50160,-17723,-38084,-10813
 "31000","Nebraska",4,SAGDP5,53,"523","    Securities, commodity contracts, and other financial investments and related activities ","Thousands of dollars",0,0,0,0,0,0,0,0,0,0,0,0,0,0,0,0,0,0,0,0,0,0,0,-27158,-7909,-22,-19,-2
 "31000","Nebraska",4,SAGDP5,54,"524","    Insurance carriers and related activities ","Thousands of dollars",0,0,0,0,0,0,0,0,0,0,0,0,0,0,0,0,0,0,0,0,0,0,0,-51752,-30679,-82,0,0
 "31000","Nebraska",4,SAGDP5,55,"525","    Funds, trusts, and other financial vehicles ","Thousands of dollars",0,0,0,0,0,0,0,0,0,0,0,0,0,0,0,0,0,0,0,0,0,0,0,-2671,-523,0,0,0
 "31000","Nebraska",4,SAGDP5,56,"53","   Real estate and rental and leasing ","Thousands of dollars",-49762,-58513,-60927,-58471,-56477,-58507,-66710,-69829,-88178,-76824,-67030,-69367,-74796,-75230,-80126,-81553,-80258,-78066,-81528,-88656,-93041,-90990,-89635,-190323,-176433,-100955,-111312,-126027
 "31000","Nebraska",4,SAGDP5,57,"531","    Real estate ","Thousands of dollars",-49762,-58513,-60927,-58471,-56477,-58507,-66710,-69829,-88178,-76824,-67030,-69367,-74796,-75230,-80126,-81553,-80258,-78066,-81528,-88656,-93041,-90990,-89635,-181738,-167068,-100933,-111312,-126027
 "31000","Nebraska",4,SAGDP5,58,"532-533","    Rental and leasing services and lessors of nonfinancial intangible assets ","Thousands of dollars",0,0,0,0,0,0,0,0,0,0,0,0,0,0,0,0,0,0,0,0,0,0,0,-8584,-9365,-22,0,0
 "31000","Nebraska",4,SAGDP5,59,"54,55,56","  Professional and business services ","Thousands of dollars",0,0,0,0,0,0,0,0,0,0,0,0,0,0,0,0,0,0,0,0,0,0,0,-401796,-209219,-273,-156,-18
 "31000","Nebraska",4,SAGDP5,60,"54","   Professional, scientific, and technical services ","Thousands of dollars",0,0,0,0,0,0,0,0,0,0,0,0,0,0,0,0,0,0,0,0,0,0,0,-255396,-114981,-162,0,0
 "31000","Nebraska",4,SAGDP5,61,"5411","    Legal services ","Thousands of dollars",0,0,0,0,0,0,0,0,0,0,0,0,0,0,0,0,0,0,0,0,0,0,0,-57429,-21917,-35,0,0
 "31000","Nebraska",4,SAGDP5,62,"5415","    Computer systems design and related services ","Thousands of dollars",0,0,0,0,0,0,0,0,0,0,0,0,0,0,0,0,0,0,0,0,0,0,0,-37961,-27395,-37,0,0
 "31000","Nebraska",4,SAGDP5,63,"5412-5414,5416-5419","    Miscellaneous professional, scientific, and technical services ","Thousands of dollars",0,0,0,0,0,0,0,0,0,0,0,0,0,0,0,0,0,0,0,0,0,0,0,-160005,-65669,-90,0,0
 "31000","Nebraska",4,SAGDP5,64,"55","   Management of companies and enterprises ","Thousands of dollars",0,0,0,0,0,0,0,0,0,0,0,0,0,0,0,0,0,0,0,0,0,0,0,-8279,-17359,-52,-156,-18
 "31000","Nebraska",4,SAGDP5,65,"56","   Administrative and support and waste management and remediation services ","Thousands of dollars",0,0,0,0,0,0,0,0,0,0,0,0,0,0,0,0,0,0,0,0,0,0,0,-138122,-76880,-60,0,0
 "31000","Nebraska",4,SAGDP5,66,"561","    Administrative and support services ","Thousands of dollars",0,0,0,0,0,0,0,0,0,0,0,0,0,0,0,0,0,0,0,0,0,0,0,-121295,-68251,-50,0,0
 "31000","Nebraska",4,SAGDP5,67,"562","    Waste management and remediation services ","Thousands of dollars",0,0,0,0,0,0,0,0,0,0,0,0,0,0,0,0,0,0,0,0,0,0,0,-16827,-8629,-9,0,0
 "31000","Nebraska",4,SAGDP5,68,"61,62","  Educational services, health care, and social assistance ","Thousands of dollars",0,0,0,0,0,0,0,0,0,0,0,0,0,-3869,-30798,-18896,-21155,-18881,-11048,-6412,-2422,-77,-79,-664438,-533463,-112104,-54868,-26522
 "31000","Nebraska",4,SAGDP5,69,"61","   Educational services ","Thousands of dollars",0,0,0,0,0,0,0,0,0,0,0,0,0,0,0,0,0,0,0,0,0,0,0,-15491,-22965,-33,0,0
 "31000","Nebraska",4,SAGDP5,70,"62","   Health care and social assistance ","Thousands of dollars",0,0,0,0,0,0,0,0,0,0,0,0,0,-3869,-30798,-18896,-21155,-18881,-11048,-6412,-2422,-77,-79,-648946,-510498,-112071,-54868,-26522
 "31000","Nebraska",4,SAGDP5,71,"621","    Ambulatory health care services ","Thousands of dollars",0,0,0,0,0,0,0,0,0,0,0,0,0,0,0,0,0,0,0,0,0,0,0,-388014,-267512,-39274,-5941,-4375
 "31000","Nebraska",4,SAGDP5,72,"622","    Hospitals ","Thousands of dollars",0,0,0,0,0,0,0,0,0,0,0,0,0,-3869,-30798,-18896,-21155,-18881,-11048,-6412,-2422,-77,-79,-117758,-46468,-22342,-3435,-2091
 "31000","Nebraska",4,SAGDP5,73,"623","    Nursing and residential care facilities ","Thousands of dollars",0,0,0,0,0,0,0,0,0,0,0,0,0,0,0,0,0,0,0,0,0,0,0,-88167,-84277,-4974,-723,-448
 "31000","Nebraska",4,SAGDP5,74,"624","    Social assistance ","Thousands of dollars",0,0,0,0,0,0,0,0,0,0,0,0,0,0,0,0,0,0,0,0,0,0,0,-55007,-112241,-45481,-44769,-19608
 "31000","Nebraska",4,SAGDP5,75,"71,72","  Arts, entertainment, recreation, accommodation, and food services ","Thousands of dollars",0,0,0,0,0,0,0,0,0,0,0,0,0,0,0,0,0,0,0,0,0,0,0,-267624,-566099,-9474,0,0
 "31000","Nebraska",4,SAGDP5,76,"71","   Arts, entertainment, and recreation ","Thousands of dollars",0,0,0,0,0,0,0,0,0,0,0,0,0,0,0,0,0,0,0,0,0,0,0,-37273,-71466,-9215,0,0
 "31000","Nebraska",4,SAGDP5,77,"711-712","    Performing arts, spectator sports, museums, and related activities ","Thousands of dollars",0,0,0,0,0,0,0,0,0,0,0,0,0,0,0,0,0,0,0,0,0,0,0,-9252,-42009,-9191,0,0
 "31000","Nebraska",4,SAGDP5,78,"713","    Amusement, gambling, and recreation industries ","Thousands of dollars",0,0,0,0,0,0,0,0,0,0,0,0,0,0,0,0,0,0,0,0,0,0,0,-28021,-29457,-24,0,0
 "31000","Nebraska",4,SAGDP5,79,"72","   Accommodation and food services ","Thousands of dollars",0,0,0,0,0,0,0,0,0,0,0,0,0,0,0,0,0,0,0,0,0,0,0,-230351,-494633,-259,0,0
 "31000","Nebraska",4,SAGDP5,80,"721","    Accommodation ","Thousands of dollars",0,0,0,0,0,0,0,0,0,0,0,0,0,0,0,0,0,0,0,0,0,0,0,-30777,-53185,-56,0,0
 "31000","Nebraska",4,SAGDP5,81,"722","    Food services and drinking places ","Thousands of dollars",0,0,0,0,0,0,0,0,0,0,0,0,0,0,0,0,0,0,0,0,0,0,0,-199574,-441448,-203,0,0
 "31000","Nebraska",4,SAGDP5,82,"81","  Other services (except government and government enterprises) ","Thousands of dollars",0,0,0,0,0,0,0,0,0,0,0,0,0,0,0,0,0,0,0,0,0,0,0,-147985,-158150,-249,0,0
 "31000","Nebraska",4,SAGDP5,83,"92"," Government and government enterprises ","Thousands of dollars",-76234,-67940,-63848,-77574,-127119,-137803,-153239,-171724,-173116,-183694,-238123,-332591,-351871,-235302,-311019,-334148,-438867,-411515,-361635,-348797,-362231,-348414,-372776,-440669,-610687,-698000,-577694,-407910
 "31000","Nebraska",4,SAGDP5,84,"...","  Federal civilian ","Thousands of dollars",-41691,-42428,-39430,-47749,-98229,-105681,-118000,-133897,-140802,-143140,-200643,-296404,-304852,-195291,-276712,-291841,-397065,-372920,-313122,-297943,-317858,-298703,-319478,-342335,-505151,-595313,-499438,-325400
 "31000","Nebraska",4,SAGDP5,85,"...","  Military ","Thousands of dollars",0,0,0,0,0,0,0,0,0,0,0,0,0,0,0,0,0,0,0,0,0,0,0,0,0,0,0,0
 "31000","Nebraska",4,SAGDP5,86,"...","  State and local ","Thousands of dollars",-34543,-25512,-24418,-29825,-28890,-32122,-35239,-37827,-32314,-40554,-37480,-36187,-47019,-40011,-34307,-42308,-41802,-38596,-48513,-50854,-44373,-49711,-53298,-98334,-105536,-102687,-78256,-82510
 "31000","Nebraska",4,SAGDP5,87,"11,21","Natural resources and mining ","Thousands of dollars",-385518,-692946,-1219189,-1210035,-1156745,-467524,-622348,-622051,-1218178,-693843,-413721,-438202,-356617,-432285,-398331,-395599,-485889,-578719,-676743,-751607,-704746,-625252,-1054618,-2440988,-1312051,-496640,-502528,-348035
 "31000","Nebraska",4,SAGDP5,88,"42,44-45","Trade ","Thousands of dollars",0,0,0,0,0,0,0,0,0,0,0,0,-19793,-2157,-20,0,0,0,0,0,0,0,0,-508192,-409944,-590,0,0
 "31000","Nebraska",4,SAGDP5,89,"22,48-49","Transportation and utilities ","Thousands of dollars",-1060,-767,-1006,-938,-16676,-1620,-9061,-1783,-2126,-2797,-1901,-2296,-2600,-2988,-2342,-2449,-2447,-2337,-2598,-2357,-2781,-3033,-2503,-224353,-152675,-7134,-8396,-8993
 "31000","Nebraska",4,SAGDP5,90,"31-33,51","Manufacturing and information ","Thousands of dollars",0,0,0,0,0,0,0,0,0,-17,-9,-634,-1323,-3415,-6464,-5632,-2964,-1823,-1700,-1347,-1227,-1269,-1418,-301303,-335011,-2219,-2165,-3045
 "31000","Nebraska",4,SAGDP5,91,"...","Private goods-producing industries 2/","Thousands of dollars",-385518,-692946,-1219189,-1210035,-1156745,-467524,-622348,-622051,-1218178,-693860,-413730,-438836,-357776,-435286,-403030,-398767,-487546,-580227,-678117,-752973,-705932,-626503,-1056015,-3097664,-1881118,-498996,-504692,-351080
 "31000","Nebraska",4,SAGDP5,92,"...","Private services-providing industries 3/","Thousands of dollars",-51086,-59563,-62321,-59816,-73667,-60751,-76007,-71792,-90551,-79787,-69177,-72124,-98540,-89001,-118759,-110221,-108968,-104702,-98819,-101081,-101556,-97003,-94935,-2550289,-2320194,-248969,-212835,-172376
"Note: See the included footnote file."
"SAGDP5: Subsidies 1."
"Last updated: September 26, 2025-- new statistics for 2024; revised statistics for 2020-2023."
"U.S. Bureau of Economic Analysis"
